埃俄罗斯,埃俄罗斯,中文名
埃俄罗斯,希腊神话,神话体系
埃俄罗斯,Aeolus,外文名
埃俄罗斯,"弥玛斯,墨拉尼珀",父母
埃俄罗斯,奥德修斯,相关人物
俄琉斯,俄琉斯,中文名
俄琉斯,希腊神话,神话体系
俄琉斯,Oileus,外文名
恩底弥翁,厄利斯国王,职业
恩底弥翁,恩底弥翁,中文名
恩底弥翁,Endymion,外文名
恩底弥翁,希腊,国籍
海伦,海伦,中文名
海伦,希腊神话,神话体系
海伦,在人间里最漂亮的女人,特征
海伦,Helen,外文名
海伦,宙斯跟勒达所生的女儿,家庭背景
曼托,曼托,中文名
曼托,Manto,外文名
曼托,女,性别
许拉斯,许拉斯,中文名
许拉斯,希腊,所处时代
许拉斯,Hylas,外文名
许拉斯,赫拉克勒斯,配偶
许拉斯,赫拉克勒斯,父母
许拉斯,许拉斯,本名
淮德拉,淮德拉,中文名
淮德拉,古希腊神话,神话体系
淮德拉,Phaedra,外文名
淮德拉,忒修斯,配偶
淮德拉,自杀,死因
淮德拉,"得摩丰,阿卡玛斯",子女
淮德拉,"米诺斯,帕西法厄",父母
涅斯托耳,涅斯托耳,中文名
涅斯托耳,“战车大师”,象征
涅斯托耳,希腊神话,神话体系
涅斯托耳,Nestor,外文名
涅斯托耳,安提罗科斯,子女
涅斯托耳,皮洛斯国王,司掌
喀戎,喀戎,中文名
喀戎,赫拉克勒斯,学生
喀戎,希腊神话,神话体系
喀戎,Chiron,外文名
阿德墨托斯,阿德墨托斯,中文名
阿德墨托斯,希腊神话中的英雄,身份
阿德墨托斯,Admetus,外文名
菲罗克忒忒斯,菲罗克忒忒斯,中文名
菲罗克忒忒斯,《伊利亚特》,事迹记录
菲罗克忒忒斯,希腊第一神箭手,身份
菲罗克忒忒斯,Philoctetes,外文名
斯屯托耳,斯屯托耳,中文名
斯屯托耳,希腊神话,神话体系
斯屯托耳,Stentor,外文名
斯屯托耳,大嗓门,特点
堤丢斯,堤丢斯,中文名
堤丢斯,Tydeus,外文名
堤丢斯,希腊,国籍
堤丢斯,男,性别
奥革阿斯,奥革阿斯,中文名
奥革阿斯,古希腊神话,神话体系
奥革阿斯,Augeas,外文名
奥革阿斯,"波塞冬,赫利俄斯",父母
奥托吕科斯,奥托吕科斯,中文名
奥托吕科斯,Autolycus,外文名
塞墨勒,塞墨勒,中文名
塞墨勒,Semele,外文名
塞墨勒,宙斯,配偶
塞墨勒,狄俄尼索斯,子女
赫克托耳,责任,象征
赫克托耳,赫克托耳,中文名
赫克托耳,王子,身份
赫克托耳,卡珊德拉,兄弟姐妹
赫克托耳,古希腊神话,神话体系
赫克托耳,Hector,外文名
赫克托耳,安德洛玛刻,配偶
赫克托耳,阿斯提阿那克斯,子女
赫克托耳,赫卡柏,父母
赫克托耳,头盔闪亮的赫克托耳,外号
赫克托耳,男,性别
赫拉克剌斯,赫拉克剌斯,中文名
赫拉克剌斯,希腊神话,神话体系
赫拉克剌斯,Heracles,外文名
墨勒阿革洛斯,墨勒阿革洛斯,中文名
墨勒阿革洛斯,Meleager,外文名
墨涅拉奥斯,墨涅拉奥斯,中文名
墨涅拉奥斯,阿伽门农,兄弟姐妹
墨涅拉奥斯,希腊神话,神话体系
墨涅拉奥斯,Menelaus,外文名
墨涅拉奥斯,海伦,配偶
弥玛斯,弥玛斯,中文名
墨拉尼珀,墨拉尼珀,中文名
赫拉克勒斯,奥林匹斯山,居所
赫拉克勒斯,赫拉克勒斯,中文名
赫拉克勒斯,赫丘利,罗马对应神
赫拉克勒斯,希腊神话,神话体系
赫拉克勒斯,"伊菲克勒斯,Laonome,；雅典娜,阿尔忒弥斯,阿波罗,赫菲斯托斯,阿瑞斯,赫尔墨斯,狄俄尼索斯,珀耳塞福涅",兄弟姐妹
赫拉克勒斯,喀戎,师父
赫拉克勒斯,"赫拉克勒斯十二功绩,解救了被缚的普罗米修斯,参,奥林匹斯诸神,癸干忒斯的战争",主要成就
赫拉克勒斯,"墨伽拉,伊俄勒,翁法勒,得伊阿尼拉,赫柏",配偶
赫拉克勒斯,"许罗斯,忒勒福斯,特勒波勒摩斯,阿勒克西阿瑞斯,阿尼刻托斯,多位儿子,女儿,后世则统称他们为Heracleidae",子女
赫拉克勒斯,"宙斯,阿尔克墨涅",父母
赫拉克勒斯,力量,司掌
忒修斯,忒修斯,中文名
得摩丰,国王,职业
得摩丰,得摩丰,中文名
得摩丰,雅典,出生地
得摩丰,雅典,国籍
阿卡玛斯,希腊,地区
阿卡玛斯,阿卡玛斯,中文名
阿卡玛斯,十分勇猛,性格
阿卡玛斯,男,性别
帕西法厄,帕西法厄,中文名
帕西法厄,"埃厄忒斯,喀尔刻",兄弟姐妹
帕西法厄,希腊神话,神话体系
帕西法厄,"阿里阿德涅,淮德拉,安德罗格奥斯,卡特柔斯,弥诺陶洛斯",子女
帕西法厄,米诺斯,配偶
帕西法厄,"赫利俄斯,珀尔塞伊斯",父母
安提罗科斯,安提罗科斯,中文名
安提罗科斯,攻打特洛伊,相关事件
安提罗科斯,攻打特洛亚,主要成就
安提罗科斯,涅斯托耳,父母
安提罗科斯,希腊,国籍
阿斯提阿那克斯,阿斯提阿那克斯,中文名
赫卡柏,赫卡柏,中文名
赫斯提亚,奥林匹斯山,居所
赫斯提亚,赫斯提亚,中文名
赫斯提亚,"灶台,火炉,火炬,水果,小母牛",象征
赫斯提亚,维斯塔,罗马对应神
赫斯提亚,希腊神话,神话体系
赫斯提亚,"德墨忒尔,赫拉,哈迪斯,波塞冬,宙斯",兄弟姐妹
赫斯提亚,"克洛诺斯,瑞亚",父母
赫斯提亚,"炉灶,家庭,圣火",司掌
德墨忒尔,德墨忒尔,中文名
阿耳忒弥斯,奥林匹斯山,居所
阿耳忒弥斯,阿耳忒弥斯,中文名
阿耳忒弥斯,"弓箭,丝柏,鹿,熊,鵟鹰,猎犬,珍珠鸡",象征
阿耳忒弥斯,狄安娜,罗马对应神
阿耳忒弥斯,希腊神话,神话体系
阿耳忒弥斯,"阿波罗,雅典娜,赫菲斯托斯,阿瑞斯,赫尔墨斯,狄俄尼索斯,珀耳塞福涅",兄弟姐妹
阿耳忒弥斯,"宙斯,勒托",父母
阿耳忒弥斯,"狩猎,荒野,野兽,山峦,洞穴,森林,射术,接生,生育,丰产,月亮",司掌
阿波罗,奥林匹斯山,居所
阿波罗,"里拉琴,弓箭,桂冠,蟒蛇,天鹅,乌鸦",象征
阿波罗,阿波罗,中文名
阿波罗,福玻斯,罗马对应神
阿波罗,希腊神话,神话体系
阿波罗,"阿尔忒弥斯,雅典娜,赫菲斯托斯,阿瑞斯,赫尔墨斯,狄俄尼索斯,珀耳塞福涅",兄弟姐妹
阿波罗,"俄耳甫斯,阿斯克勒庇俄斯",子女
阿波罗,"宙斯,勒托",父母
阿波罗,奥林匹斯十二主神,所属分类
阿波罗,"光明,预言,音乐,诗歌,医药,法规,太阳",司掌
墨提斯,墨提斯,中文名
墨提斯,"阿刻罗俄斯,河神",兄弟姐妹
墨提斯,希腊神话,神话体系
墨提斯,Metis,拉丁/英语
墨提斯,宙斯,配偶
墨提斯,"雅典娜,波洛斯",子女
墨提斯,"欧申纳斯,泰西斯",父母
墨提斯,"智慧,思想,诫言,水文,律师",司掌
忒弥斯,忒弥斯,中文名
忒弥斯,"托盘,树枝,权杖,公牛,三角架",象征
忒弥斯,希腊神话,神话体系
忒弥斯,"克洛诺斯,瑞亚,许珀里翁,忒亚,谟涅摩叙涅,伊阿珀托斯,克利俄斯,欧申纳斯,泰西斯,科俄斯,福柏",兄弟姐妹
忒弥斯,宙斯,配偶
忒弥斯,时序三女神,子女
忒弥斯,"乌拉诺斯,盖亚",父母
忒弥斯,"大地自然规律,原始律法,集会",司掌
德墨忒耳,奥林匹斯山,居所
德墨忒耳,"麦穗,镰刀,点金杖",象征
德墨忒耳,德墨忒耳,中文名
德墨忒耳,克瑞斯,罗马对应神
德墨忒耳,希腊神话,神话体系
德墨忒耳,"赫斯提亚,赫拉,哈迪斯,波塞冬,宙斯",兄弟姐妹
德墨忒耳,珀耳塞福涅,子女
德墨忒耳,"宙斯,伊阿西翁,波塞冬",配偶
德墨忒耳,"克洛诺斯,瑞亚",父母
德墨忒耳,奥林匹斯十二主神,所属分类
德墨忒耳,"农业,谷物,果实,丰收,大地",司掌
谟涅摩叙涅,谟涅摩叙涅,中文名
谟涅摩叙涅,Moneta/Mnemosyne,拉丁/英语
谟涅摩叙涅,"埃忒耳,盖亚",或
谟涅摩叙涅,宙斯,配偶
谟涅摩叙涅,缪斯,子嗣
谟涅摩叙涅,"乌拉诺斯,盖亚",父母
勒托,奥林匹斯山,居所
勒托,勒托,中文名
勒托,黑袍,象征
勒托,古希腊神族,所属族群
勒托,阿斯忒瑞亚,兄弟姐妹
勒托,希腊神话,神话体系
勒托,宙斯,配偶
勒托,"阿尔忒弥斯,阿波罗",子女
勒托,"科俄斯,菲碧",父母
勒托,哺育,司掌
克洛诺斯,"奥林匹斯山,塔尔塔罗斯",居所
克洛诺斯,镰刀,象征
克洛诺斯,克洛诺斯,中文名
克洛诺斯,萨图恩,罗马对应神
克洛诺斯,希腊神话,神话体系
克洛诺斯,"欧申纳斯,科俄斯,克利俄斯,许珀里翁,伊阿珀托斯,忒亚,瑞亚,忒弥斯,谟涅摩叙涅,福柏,泰西斯,三个独眼巨人,三个百臂巨人",兄弟姐妹
克洛诺斯,瑞亚,配偶
克洛诺斯,"赫斯提亚,德墨忒尔,赫拉,哈迪斯,波塞冬,宙斯",子女
克洛诺斯,"乌拉诺斯,盖亚",父母
克洛诺斯,神权,司掌
瑞亚,奥林匹斯山,居所
瑞亚,大地,象征
瑞亚,瑞亚,中文名
瑞亚,泰坦,所属族群
瑞亚,希腊神话,神话体系
瑞亚,"欧申纳斯,科俄斯,克利俄斯,许珀里翁,伊阿珀托斯,忒亚,忒弥斯,谟涅摩叙涅,福柏,泰西斯,克洛诺斯,三个独眼巨人,三个百臂巨人",兄弟姐妹
瑞亚,克洛诺斯,配偶
瑞亚,"赫斯提亚,德墨忒尔,赫拉,哈迪斯,波塞冬,宙斯",子女
瑞亚,"乌拉诺斯,盖亚",父母
瑞亚,地母神,司掌
厄勒梯亚,奥林匹斯山,居所
厄勒梯亚,催产,象征
厄勒梯亚,厄勒梯亚,中文名
厄勒梯亚,奥林匹斯神族,所属族群
厄勒梯亚,赫淮斯托斯,兄弟姐妹
厄勒梯亚,希腊神话,神话体系
厄勒梯亚,不详,配偶
厄勒梯亚,索西波利斯,子女
厄勒梯亚,"宙斯,赫拉",父母
厄勒梯亚,生育,司掌
厄倪俄,厄倪俄,中文名
安菲特里特,海洋女仙,职业
安菲特里特,安菲特里特,中文名
安菲特里特,波塞冬,配偶
安菲特里特,希腊,国籍
安菲特里特,女,性别
忒休斯,雅典国王,职业
忒休斯,忒休斯,中文名
忒休斯,雅典,国籍
忒休斯,男,性别
波吕斐摩斯,波吕斐摩斯,中文名
波吕斐摩斯,独眼巨人,种族
柏罗斯,柏罗斯,中文名
柏罗斯,阿革诺耳,兄弟姐妹
柏罗斯,"达那俄斯,埃古普托斯",子女
柏罗斯,"波塞冬,利比亚",父母
波洛斯,波洛斯,中文名
阿耳忒弥斯,奥林匹斯山,居所
阿耳忒弥斯,阿耳忒弥斯,中文名
阿耳忒弥斯,"弓箭,丝柏,鹿,熊,鵟鹰,猎犬,珍珠鸡",象征
阿耳忒弥斯,狄安娜,罗马对应神
阿耳忒弥斯,希腊神话,神话体系
阿耳忒弥斯,"阿波罗,雅典娜,赫菲斯托斯,阿瑞斯,赫尔墨斯,狄俄尼索斯,珀耳塞福涅",兄弟姐妹
阿耳忒弥斯,"宙斯,勒托",父母
阿耳忒弥斯,"狩猎,荒野,野兽,山峦,洞穴,森林,射术,接生,生育,丰产,月亮",司掌
阿多尼斯,秋牡丹,象征
阿多尼斯,阿多尼斯,中文名
阿多尼斯,闪族,所属族群
阿多尼斯,密拉,兄弟姐妹
阿多尼斯,希腊神话,神话体系
阿多尼斯,阿佛洛狄忒,配偶
阿多尼斯,无,子女
阿多尼斯,父：卡尼拉斯；母：密拉,父母
阿多尼斯,春天的植物,司掌
安忒洛斯,安忒洛斯,中文名
安忒洛斯,厄洛斯,兄弟姐妹
安忒洛斯,希腊神话,神话体系
安忒洛斯,"阿瑞斯,阿芙洛狄忒",父母
哈耳摩尼亚,哈耳摩尼亚,中文名
哈耳摩尼亚,"塞墨勒,波吕多洛斯,奥托诺厄",子女
哈耳摩尼亚,卡德摩斯,配偶
哈耳摩尼亚,"阿瑞斯,阿佛洛狄特",父母
哈耳摩尼亚,"协,,睦,谐",司掌
福波斯,恐惧,象征
福波斯,福波斯,中文名
福波斯,古希腊神话,登场作品
福波斯,"阿瑞斯,阿佛洛狄忒",父母
福波斯,男,性别
得摩斯,恐惧,象征
得摩斯,得摩斯,中文名
得摩斯,拟人化神,定义
得摩斯,福波斯,兄弟姐妹
得摩斯,希腊神话,登场作品
得摩斯,"阿瑞斯,,阿佛洛狄忒",父母
得摩斯,男,性别
乌拉诺斯,奥林匹斯山,居所
乌拉诺斯,天空,象征
乌拉诺斯,乌拉诺斯,中文名
乌拉诺斯,"蓬托斯,乌瑞亚",兄弟姐妹
乌拉诺斯,希腊神话,神话体系
乌拉诺斯,盖亚,配偶
乌拉诺斯,泰坦十二神,子女
乌拉诺斯,盖亚,父母
乌拉诺斯,超原始神族,所属神族
乌拉诺斯,天空,司掌
狄俄涅,狄俄涅,中文名
狄俄涅,希腊神话,神话体系
狄俄涅,希腊神话中的提坦女神,来源
狄俄涅,宙斯,配偶
狄俄涅,"爱,美神阿佛洛狄忒",子女
狄俄涅,俄刻阿诺斯忒堤斯,父母
狄俄涅,希腊,国籍
狄俄涅,洋流,司掌
狄俄涅,女,性别
阿耳忒弥斯,奥林匹斯山,居所
阿耳忒弥斯,阿耳忒弥斯,中文名
阿耳忒弥斯,"弓箭,丝柏,鹿,熊,鵟鹰,猎犬,珍珠鸡",象征
阿耳忒弥斯,狄安娜,罗马对应神
阿耳忒弥斯,希腊神话,神话体系
阿耳忒弥斯,"阿波罗,雅典娜,赫菲斯托斯,阿瑞斯,赫尔墨斯,狄俄尼索斯,珀耳塞福涅",兄弟姐妹
阿耳忒弥斯,"宙斯,勒托",父母
阿耳忒弥斯,"狩猎,荒野,野兽,山峦,洞穴,森林,射术,接生,生育,丰产,月亮",司掌
阿耳忒弥斯,奥林匹斯山,居所
阿耳忒弥斯,阿耳忒弥斯,中文名
阿耳忒弥斯,"弓箭,丝柏,鹿,熊,鵟鹰,猎犬,珍珠鸡",象征
阿耳忒弥斯,狄安娜,罗马对应神
阿耳忒弥斯,希腊神话,神话体系
阿耳忒弥斯,"阿波罗,雅典娜,赫菲斯托斯,阿瑞斯,赫尔墨斯,狄俄尼索斯,珀耳塞福涅",兄弟姐妹
阿耳忒弥斯,"宙斯,勒托",父母
阿耳忒弥斯,"狩猎,荒野,野兽,山峦,洞穴,森林,射术,接生,生育,丰产,月亮",司掌
阿弗洛狄忒,奥林匹斯山,居所
阿弗洛狄忒,"玫瑰,扇贝,香桃木,白鸽,麻雀,镜子,天鹅",象征
阿弗洛狄忒,阿弗洛狄忒,中文名
阿弗洛狄忒,维纳斯,罗马对应神
阿弗洛狄忒,希腊神话,神话体系
阿弗洛狄忒,"阿瑞斯,赫尔墨斯,狄俄尼索斯,波塞冬,阿多尼斯",配偶
阿弗洛狄忒,"厄洛斯,安忒洛斯,哈耳摩尼亚,福波斯,得摩斯",子女
阿弗洛狄忒,"乌拉诺斯,宙斯,狄俄涅",父母
阿弗洛狄忒,"美丽,爱情,性欲,航海",司掌
阿格莱亚,阿格莱亚,中文名
阿格莱亚,光辉,象征
阿格莱亚,希腊神话,神话体系
阿格莱亚,赫菲斯托斯,配偶
阿格莱亚,欧克勒亚,子女
阿格莱亚,"宙斯,欧律诺墨",父母
阿格莱亚,希腊诸神,所属分类
阿耳忒弥斯,奥林匹斯山,居所
阿耳忒弥斯,阿耳忒弥斯,中文名
阿耳忒弥斯,"弓箭,丝柏,鹿,熊,鵟鹰,猎犬,珍珠鸡",象征
阿耳忒弥斯,狄安娜,罗马对应神
阿耳忒弥斯,希腊神话,神话体系
阿耳忒弥斯,"阿波罗,雅典娜,赫菲斯托斯,阿瑞斯,赫尔墨斯,狄俄尼索斯,珀耳塞福涅",兄弟姐妹
阿耳忒弥斯,"宙斯,勒托",父母
阿耳忒弥斯,"狩猎,荒野,野兽,山峦,洞穴,森林,射术,接生,生育,丰产,月亮",司掌
赫马佛洛狄忒斯,赫马佛洛狄忒斯,中文名
赫马佛洛狄忒斯,"潘,普里阿普斯",兄弟姐妹
赫马佛洛狄忒斯,"西勒诺斯,迈那得斯,萨堤尔",配偶
赫马佛洛狄忒斯,"赫尔墨斯,阿佛洛狄忒",父母
赫马佛洛狄忒斯,"神杖,康塔罗斯酒杯",圣物
阿布得罗斯,阿布得罗斯,中文名
奥托里库斯,奥托里库斯,中文名
安琪拉,安琪拉,中文名
迈亚,迈亚,中文名
迈亚,希腊神话,神话体系
迈亚,宙斯,配偶
迈亚,赫尔墨斯,子女
迈亚,"阿特拉斯,普勒俄涅",父母
阿耳忒弥斯,奥林匹斯山,居所
阿耳忒弥斯,阿耳忒弥斯,中文名
阿耳忒弥斯,"弓箭,丝柏,鹿,熊,鵟鹰,猎犬,珍珠鸡",象征
阿耳忒弥斯,狄安娜,罗马对应神
阿耳忒弥斯,希腊神话,神话体系
阿耳忒弥斯,"阿波罗,雅典娜,赫菲斯托斯,阿瑞斯,赫尔墨斯,狄俄尼索斯,珀耳塞福涅",兄弟姐妹
阿耳忒弥斯,"宙斯,勒托",父母
阿耳忒弥斯,"狩猎,荒野,野兽,山峦,洞穴,森林,射术,接生,生育,丰产,月亮",司掌
阿里阿德涅,阿里阿德涅,中文名
阿里阿德涅,"艾伦·佩姬Ellen,Page",饰演
阿里阿德涅,《盗梦空间》,登场作品
阿里阿德涅,女,性别
修普诺斯,冥界,居所
修普诺斯,修普诺斯,中文名
修普诺斯,梦,象征
修普诺斯,塔纳托斯,兄弟姐妹
修普诺斯,希腊神话,神话体系
修普诺斯,帕西提亚,配偶
修普诺斯,尼克斯,父母
修普诺斯,睡眠,司掌
倪克斯,倪克斯,中文名
阿斯忒瑞亚,阿斯忒瑞亚,中文名
阿斯忒瑞亚,流星,象征
阿斯忒瑞亚,勒托,兄弟姐妹
阿斯忒瑞亚,希腊神话,神话体系
阿斯忒瑞亚,珀耳塞斯,配偶
阿斯忒瑞亚,赫卡忒,子女
阿斯忒瑞亚,"科俄斯,福柏",父母
阿斯忒瑞亚,"流星,梦中的预言,占星术",司掌
太阳神赫利俄斯,太阳神赫利俄斯,中文名
塞勒涅,奥林匹斯山,居所
塞勒涅,塞勒涅,中文名
塞勒涅,"月亮,牛角",象征
塞勒涅,"赫利俄斯,厄俄斯",兄弟姐妹
塞勒涅,希腊神话,神话体系
塞勒涅,恩底弥翁,配偶
塞勒涅,"许珀里翁,忒亚",父母
塞勒涅,月亮,司掌
阿斯特赖俄斯,阿斯特赖俄斯,中文名
阿斯特赖俄斯,Astraeus/Astraios,拉丁/英语
阿斯特赖俄斯,厄俄斯,配偶
阿斯特赖俄斯,"众风神,众星辰神,阿斯翠亚",子嗣
阿斯特赖俄斯,"克利俄斯,欧律比亚",父母
阿斯特赖俄斯,"所有星辰,群星",司掌
众风神,众风神,中文名
众星神,众星神,中文名
众星神,玄幻奇幻,类型
阿斯翠亚,阿斯翠亚,中文名
忒亚,忒亚,中文名
忒亚,Theia,拉丁/英语
忒亚,许珀里翁,配偶
忒亚,"赫利俄斯,塞勒涅,厄俄斯",子嗣
忒亚,"盖亚,乌拉诺斯",父母
阿耳忒弥斯,奥林匹斯山,居所
阿耳忒弥斯,阿耳忒弥斯,中文名
阿耳忒弥斯,"弓箭,丝柏,鹿,熊,鵟鹰,猎犬,珍珠鸡",象征
阿耳忒弥斯,狄安娜,罗马对应神
阿耳忒弥斯,希腊神话,神话体系
阿耳忒弥斯,"阿波罗,雅典娜,赫菲斯托斯,阿瑞斯,赫尔墨斯,狄俄尼索斯,珀耳塞福涅",兄弟姐妹
阿耳忒弥斯,"宙斯,勒托",父母
阿耳忒弥斯,"狩猎,荒野,野兽,山峦,洞穴,森林,射术,接生,生育,丰产,月亮",司掌
扎格柔斯,扎格柔斯,中文名
扎格柔斯,珀耳塞福涅,父母
墨利诺厄,墨利诺厄,中文名
墨利诺厄,"宙斯,珀耳塞福涅之女",身份
墨利诺厄,女,性别
阿耳忒弥斯,奥林匹斯山,居所
阿耳忒弥斯,阿耳忒弥斯,中文名
阿耳忒弥斯,"弓箭,丝柏,鹿,熊,鵟鹰,猎犬,珍珠鸡",象征
阿耳忒弥斯,狄安娜,罗马对应神
阿耳忒弥斯,希腊神话,神话体系
阿耳忒弥斯,"阿波罗,雅典娜,赫菲斯托斯,阿瑞斯,赫尔墨斯,狄俄尼索斯,珀耳塞福涅",兄弟姐妹
阿耳忒弥斯,"宙斯,勒托",父母
阿耳忒弥斯,"狩猎,荒野,野兽,山峦,洞穴,森林,射术,接生,生育,丰产,月亮",司掌
绪林克斯,绪林克斯,中文名
,,中文名
珀律俄珀,珀律俄珀,中文名
珀涅罗珀,珀涅罗珀,中文名
珀涅罗珀,奥德修斯忠贞的妻子,身份
珀涅罗珀,忠贞不渝,性格
珀涅罗珀,《奥德赛》,出自
阿穆芙莱特,阿穆芙莱特,中文名
多丽斯,多丽斯,中文名
多丽斯,希腊神话,神话体系
多丽斯,Δωρίς,古希腊名
多丽斯,涅柔斯,配偶
多丽斯,俄克阿诺斯,父母
多丽斯,海洋,司掌
安菲特里特,海洋女仙,职业
安菲特里特,安菲特里特,中文名
安菲特里特,波塞冬,配偶
安菲特里特,希腊,国籍
安菲特里特,女,性别
奥德修斯,伊塔刻,居所
奥德修斯,奥德修斯,中文名
奥德修斯,希腊神话,神话体系
奥德修斯,珀涅罗珀,配偶
奥德修斯,特勒马科斯,子女
奥德修斯,"拉埃尔特斯,；,安提克勒娅",父母
Nausinous,Nausinous,中文名
阿特拉斯,阿特拉斯,中文名
阿特拉斯,希腊神话里的擎天神,简介
阿特拉斯,普勒俄涅Pleione,配偶
阿特拉斯,伊阿珀托斯Iapetus,父母
阿特拉斯,被宙斯降罪支撑天空,故事
泰西斯,泰西斯,中文名
阿耳忒弥斯,奥林匹斯山,居所
阿耳忒弥斯,阿耳忒弥斯,中文名
阿耳忒弥斯,"弓箭,丝柏,鹿,熊,鵟鹰,猎犬,珍珠鸡",象征
阿耳忒弥斯,狄安娜,罗马对应神
阿耳忒弥斯,希腊神话,神话体系
阿耳忒弥斯,"阿波罗,雅典娜,赫菲斯托斯,阿瑞斯,赫尔墨斯,狄俄尼索斯,珀耳塞福涅",兄弟姐妹
阿耳忒弥斯,"宙斯,勒托",父母
阿耳忒弥斯,"狩猎,荒野,野兽,山峦,洞穴,森林,射术,接生,生育,丰产,月亮",司掌
扎格柔斯,扎格柔斯,中文名
扎格柔斯,珀耳塞福涅,父母
伊阿珀托斯,伊阿珀托斯,中文名
伊阿珀托斯,希腊神话,神话体系
伊阿珀托斯,名望女神克吕墨涅,配偶
伊阿珀托斯,"乌拉诺斯,盖亚",父母
伊阿珀托斯,"未知,从其子的神话推测,他可能是,人类有关。",司掌
阿忒拉斯,阿忒拉斯,中文名
普罗米修斯,普罗米修斯,中文名
普罗米修斯,厄庇墨透斯,兄弟姐妹
普罗米修斯,古希腊神话,神话体系
普罗米修斯,普罗诺亚,配偶
普罗米修斯,"埃多斯,丢卡利翁",子女
普罗米修斯,"伊阿佩托斯,克吕墨涅",父母
普罗米修斯,"创造了人类,并为人类取得火种",成就
厄庇墨透斯,厄庇墨透斯,中文名
欧申纳斯,欧刻阿诺斯海,居所
欧申纳斯,河流,象征
欧申纳斯,欧申纳斯,中文名
欧申纳斯,提坦神族,所属族群
欧申纳斯,提坦神,兄弟姐妹
欧申纳斯,希腊神话,神话体系
欧申纳斯,海之女神泰西斯,配偶
欧申纳斯,"诸大洋神女,诸河神",子女
欧申纳斯,"盖亚,乌拉诺斯",父母
欧申纳斯,"大洋长河,净化",司掌
阿耳忒弥斯,奥林匹斯山,居所
阿耳忒弥斯,阿耳忒弥斯,中文名
阿耳忒弥斯,"弓箭,丝柏,鹿,熊,鵟鹰,猎犬,珍珠鸡",象征
阿耳忒弥斯,狄安娜,罗马对应神
阿耳忒弥斯,希腊神话,神话体系
阿耳忒弥斯,"阿波罗,雅典娜,赫菲斯托斯,阿瑞斯,赫尔墨斯,狄俄尼索斯,珀耳塞福涅",兄弟姐妹
阿耳忒弥斯,"宙斯,勒托",父母
阿耳忒弥斯,"狩猎,荒野,野兽,山峦,洞穴,森林,射术,接生,生育,丰产,月亮",司掌
三千大洋神女姐妹,三千大洋神女姐妹,中文名
美惠三女神,美惠三女神,中文名
美惠三女神,"阿格莱亚,欧佛洛绪涅,塔利亚",相关人物
美惠三女神,希腊神话,文化背景
美惠三女神,神话人物,类型
欧申纳斯,欧刻阿诺斯海,居所
欧申纳斯,河流,象征
欧申纳斯,欧申纳斯,中文名
欧申纳斯,提坦神族,所属族群
欧申纳斯,提坦神,兄弟姐妹
欧申纳斯,希腊神话,神话体系
欧申纳斯,海之女神泰西斯,配偶
欧申纳斯,"诸大洋神女,诸河神",子女
欧申纳斯,"盖亚,乌拉诺斯",父母
欧申纳斯,"大洋长河,净化",司掌
斯忒诺,"30,kg",体重
斯忒诺,斯忒诺,中文名
斯忒诺,浅川悠,配音
斯忒诺,"《Fate/Grand,Order》",登场作品
斯忒诺,Assassin,职阶
斯忒诺,"134,cm",身高
斯忒诺,4星,星数
斯忒诺,女,性别
海神福耳库斯,海神福耳库斯,中文名
卡利罗厄,卡利罗厄,中文名
革律翁,革律翁,中文名
革律翁,大西洋伽狄拉海湾厄里茨阿岛,居住地
堤福俄斯,堤福俄斯,中文名
堤福俄斯,风暴,象征
堤福俄斯,希腊神话,神话体系
堤福俄斯,厄喀德那,配偶
堤福俄斯,"拉冬,海德拉,刻耳柏洛斯,双头犬,尼米亚猛狮,奇美拉,斯芬克斯,斯库拉",子女
堤福俄斯,盖亚,父母
克里特公牛,克里特公牛,中文名
克里特公牛,克里特岛,地方
帕西法厄,帕西法厄,中文名
帕西法厄,"埃厄忒斯,喀尔刻",兄弟姐妹
帕西法厄,希腊神话,神话体系
帕西法厄,"阿里阿德涅,淮德拉,安德罗格奥斯,卡特柔斯,弥诺陶洛斯",子女
帕西法厄,米诺斯,配偶
帕西法厄,"赫利俄斯,珀尔塞伊斯",父母
欧特鲁斯/俄耳托斯,欧特鲁斯/俄耳托斯,中文名
欧特鲁斯/俄耳托斯,"刻耳柏洛斯,喀迈拉",兄弟姐妹
欧特鲁斯/俄耳托斯,拥有三个身躯的泰坦神革律翁,饲养者
欧特鲁斯/俄耳托斯,斯芬克斯及涅墨亚狮子,子女
欧特鲁斯/俄耳托斯,奇美拉,配偶
欧特鲁斯/俄耳托斯,克托尼俄斯怪物厄客德娜及提丰,父母
尼米亚猛狮,尼米亚猛狮,中文名
尼米亚猛狮,尼米亚地方,居住地
盖亚,奥林匹斯山,居所
盖亚,盖亚,中文名
盖亚,"王冠,权杖,生命,创造",象征
盖亚,超原始神族,所属种族
盖亚,希腊神话,神话体系
盖亚,乌拉诺斯,配偶
盖亚,"乌拉诺斯,蓬托斯,乌瑞亚,十二泰坦神",子女
盖亚,"大地,生命,创造",司掌
涅柔斯,涅柔斯,中文名
涅柔斯,海神,职业
涅柔斯,",水仙女多里斯是海仙女的双亲",亲属
涅柔斯,神谱,记载
欧律比亚,海神,种类
欧律比亚,欧律比亚,中文名
欧律比亚,海之力量,司掌
欧律比亚,女,性别
陶玛斯,陶玛斯,中文名
陶玛斯,厄勒克特拉,配偶
陶玛斯,伊里丝,子女
陶玛斯,"蓬托斯,盖亚",父母
斯忒诺,"30,kg",体重
斯忒诺,斯忒诺,中文名
斯忒诺,浅川悠,配音
斯忒诺,"《Fate/Grand,Order》",登场作品
斯忒诺,Assassin,职阶
斯忒诺,"134,cm",身高
斯忒诺,4星,星数
斯忒诺,女,性别
蓬托斯,蓬托斯,中文名
斯忒诺,"30,kg",体重
斯忒诺,斯忒诺,中文名
斯忒诺,浅川悠,配音
斯忒诺,"《Fate/Grand,Order》",登场作品
斯忒诺,Assassin,职阶
斯忒诺,"134,cm",身高
斯忒诺,4星,星数
斯忒诺,女,性别
宙斯,奥林匹斯山,居所
宙斯,"雷电,埃癸斯,鹰,公牛,雄狮,橡树,王座,山峰",象征
宙斯,宙斯,中文名
宙斯,朱庇特,罗马对应神
宙斯,希腊神话,神话体系
宙斯,"赫斯提亚,德墨忒尔,赫拉,哈迪斯,波塞冬",兄弟姐妹
宙斯,"击败克洛诺斯,提丰",主要成就
宙斯,Zeus,外文名
宙斯,"雅典娜,阿尔忒弥斯,阿波罗,赫菲斯托斯,阿瑞斯,赫尔墨斯,狄俄尼索斯,珀耳塞福涅",子女
宙斯,"墨提斯,忒弥斯,欧律诺墨,德墨忒耳,谟涅摩绪涅,勒托,赫拉",配偶
宙斯,"克洛诺斯,瑞亚",父母
宙斯,"雷电,天空,权力,万物",司掌
赫拉,奥林匹斯十二主神,所属团体
赫拉,奥林匹斯山,居所
赫拉,"石榴,孔雀,乌鸦,布谷鸟,王冠,奶牛,百合",象征
赫拉,赫拉,中文名
赫拉,朱诺,罗马对应神
赫拉,希腊神话,神话体系
赫拉,"赫斯提亚,德墨忒尔,哈迪斯,波塞冬,宙斯",兄弟姐妹
赫拉,Hera,外文名
赫拉,宙斯,配偶
赫拉,"赫菲斯托斯,阿瑞斯,赫柏,厄勒梯亚,厄倪俄",子女
赫拉,"克洛诺斯,瑞亚",父母
赫拉,"婚姻,生育,保护妇女",司掌
波塞冬,"奥林匹斯山,大海",居所
波塞冬,"三叉戟,海豚,鱼,马,公牛",象征
波塞冬,波塞冬,中文名
波塞冬,尼普顿,罗马对应神
波塞冬,希腊神话,神话体系
波塞冬,"赫斯提亚,德墨忒尔,赫拉,哈迪斯,宙斯",兄弟姐妹
波塞冬,Poseidon,外文名
波塞冬,安菲特里忒,配偶
波塞冬,"忒休斯,特里同,波吕斐摩斯,柏罗斯",子女
波塞冬,"克洛诺斯,瑞亚",父母
波塞冬,"海洋,海啸,地震,风暴,所有海洋生物,马匹",司掌
哈迪斯,冥界,居所
哈迪斯,"隐身头盔,双股叉,金穗花,白杨树,薄荷草",象征
哈迪斯,哈迪斯,中文名
哈迪斯,地狱三头犬-刻耳柏洛斯,宠物
哈迪斯,普鲁托,罗马对应神
哈迪斯,希腊神话,神话体系
哈迪斯,"赫斯提亚,德墨忒尔,赫拉,波塞冬,宙斯",兄弟姐妹
哈迪斯,Hades,外文名
哈迪斯,珀耳塞福涅,配偶
哈迪斯,"克洛诺斯,瑞亚",父母
哈迪斯,"冥界,阴间,死亡,鬼魂,瘟疫",司掌
雅典娜,奥林匹斯山,居所
雅典娜,"埃癸斯,橄榄枝,猫头鹰,蛇,纺纱杆,纺锤",象征
雅典娜,雅典娜,中文名
雅典娜,密涅瓦,罗马对应神
雅典娜,希腊神话,神话体系
雅典娜,"波洛斯,阿尔忒弥斯,阿波罗,赫菲斯托斯,阿瑞斯,赫尔墨斯,狄俄尼索斯,珀耳塞福涅",兄弟姐妹
雅典娜,Athena,外文名
雅典娜,"宙斯,墨提斯",父母
雅典娜,"智慧,艺术,纺织,绘画,园艺,工艺,农业,畜牧,航海,军事",司掌
阿耳忒弥斯,奥林匹斯山,居所
阿耳忒弥斯,"弓箭,丝柏,鹿,熊,鵟鹰,猎犬,珍珠鸡",象征
阿耳忒弥斯,阿耳忒弥斯,中文名
阿耳忒弥斯,狄安娜,罗马对应神
阿耳忒弥斯,希腊神话,神话体系
阿耳忒弥斯,"阿波罗,雅典娜,赫菲斯托斯,阿瑞斯,赫尔墨斯,狄俄尼索斯,珀耳塞福涅",兄弟姐妹
阿耳忒弥斯,Artemis,外文名
阿耳忒弥斯,"宙斯,勒托",父母
阿耳忒弥斯,"狩猎,荒野,野兽,山峦,洞穴,森林,射术,接生,生育,丰产,月亮",司掌
阿弗洛狄忒,奥林匹斯山,居所
阿弗洛狄忒,"玫瑰,扇贝,香桃木,白鸽,麻雀,镜子,天鹅",象征
阿弗洛狄忒,阿弗洛狄忒,中文名
阿弗洛狄忒,维纳斯,罗马对应神
阿弗洛狄忒,希腊神话,神话体系
阿弗洛狄忒,Aphrodite,外文名
阿弗洛狄忒,"阿瑞斯,赫尔墨斯,狄俄尼索斯,波塞冬,阿多尼斯",配偶
阿弗洛狄忒,"厄洛斯,安忒洛斯,哈耳摩尼亚,福波斯,得摩斯",子女
阿弗洛狄忒,"乌拉诺斯,宙斯,狄俄涅",父母
阿弗洛狄忒,"美丽,爱情,性欲,航海",司掌
阿瑞斯,奥林匹斯山,居所
阿瑞斯,"矛,盔,战车,犬,兀鹰,野猪",象征
阿瑞斯,阿瑞斯,中文名
阿瑞斯,玛尔斯,罗马对应神
阿瑞斯,希腊神话,神话体系
阿瑞斯,"赫菲斯托斯,雅典娜,阿尔忒弥斯,阿波罗,赫尔墨斯,狄俄尼索斯,珀耳塞福涅",兄弟姐妹
阿瑞斯,Ares,外文名
阿瑞斯,"厄洛斯,安忒洛斯,哈耳摩尼亚,福波斯,得摩斯",子女
阿瑞斯,"宙斯,赫拉",父母
阿瑞斯,"战争,兵变,战场,血腥,破坏,尚武精神,战车比赛",司掌
赫菲斯托斯,奥林匹斯山,居所
赫菲斯托斯,"锤子,铁砧,火钳,鹌鹑",象征
赫菲斯托斯,赫菲斯托斯,中文名
赫菲斯托斯,伏尔甘,罗马对应神
赫菲斯托斯,希腊神话,神话体系
赫菲斯托斯,"阿瑞斯,雅典娜,阿尔忒弥斯,阿波罗,赫尔墨斯,狄俄尼索斯,珀耳塞福涅",兄弟姐妹
赫菲斯托斯,Hepheastus,外文名
赫菲斯托斯,"阿佛洛狄忒,阿格莱亚",配偶
赫菲斯托斯,"宙斯,赫拉",父母
赫菲斯托斯,"火,火山,锻造,冶炼,砌石,雕刻",司掌
赫尔墨斯,奥林匹斯十二主神,所属团体
赫尔墨斯,奥林匹斯山,居所
赫尔墨斯,"商神权杖,翼靴,陆龟,公鸡,蛇",象征
赫尔墨斯,赫尔墨斯,中文名
赫尔墨斯,墨丘利,罗马对应神
赫尔墨斯,希腊神话,神话体系
赫尔墨斯,"雅典娜,阿尔忒弥斯,阿波罗,赫菲斯托斯,阿瑞斯,狄俄尼索斯,珀耳塞福涅",兄弟姐妹
赫尔墨斯,Hermes,外文名
赫尔墨斯,"潘,赫马佛洛狄忒斯,阿布得罗斯,奥托里库斯,安琪拉",子女
赫尔墨斯,"宙斯,迈亚",父母
赫尔墨斯,"商业,旅行,偷盗,欺骗,雄辩,畜牧,运动,竞技,冥界指引",司掌
狄俄尼索斯,奥林匹斯山,居所
狄俄尼索斯,"酒神杖,葡萄藤,葡萄酒,酒杯,貂",象征
狄俄尼索斯,狄俄尼索斯,中文名
狄俄尼索斯,巴克斯,罗马对应神
狄俄尼索斯,希腊神话,神话体系
狄俄尼索斯,"雅典娜,阿尔忒弥斯,阿波罗,赫菲斯托斯,阿瑞斯,赫尔墨斯",兄弟姐妹
狄俄尼索斯,Dionysus,外文名
狄俄尼索斯,阿里阿德涅,配偶
狄俄尼索斯,"宙斯,塞墨勒",父母
狄俄尼索斯,"酒,酿造,陶醉,狂欢,戏剧",司掌
塔纳托斯,冥界,居所
塔纳托斯,塔纳托斯,中文名
塔纳托斯,死亡,象征
塔纳托斯,修普诺斯,兄弟姐妹
塔纳托斯,希腊神话,神话体系
塔纳托斯,Thanatos,外文名
塔纳托斯,倪克斯,父母
塔纳托斯,死亡,司掌
厄里斯,厄里斯,中文名
厄里斯,Eris,外文名
厄里斯,希腊神话,登场作品
厄里斯,女,性别
尼弥西斯,尼弥西斯,中文名
尼弥西斯,复仇女神,身份
尼弥西斯,"阿勒克图,,墨纪拉,提希丰",成员
尼弥西斯,希腊神话,神话体系
尼弥西斯,Nemesis,外文名
尼弥西斯,阿斯忒里亚,父母
赫利俄斯,赫利俄斯,中文名
赫利俄斯,Helios,外文名
厄俄斯,神,职业
厄俄斯,厄俄斯,中文名
厄俄斯,古希腊神话,神话体系
厄俄斯,"太阳神赫利俄斯,月亮女神塞勒涅",兄弟姐妹
厄俄斯,Eos,外文名
厄俄斯,阿斯特赖俄斯,配偶
厄俄斯,"众风神,众星神,阿斯翠亚",子女
厄俄斯,忒亚,父母
厄俄斯,希腊,国籍
厄俄斯,黎明,司掌
珀耳塞福涅,冥界,居所
珀耳塞福涅,"石榴,稻穗",象征
珀耳塞福涅,珀耳塞福涅,中文名
珀耳塞福涅,普洛塞庇娜,罗马对应神
珀耳塞福涅,希腊神话,神话体系
珀耳塞福涅,"雅典娜,阿尔忒弥斯,阿波罗,赫菲斯托斯,阿瑞斯,赫尔墨斯,狄俄尼索斯",兄弟姐妹
珀耳塞福涅,Persephone,外文名
珀耳塞福涅,哈迪斯,配偶
珀耳塞福涅,"匝格瑞俄斯,墨利诺厄",子女
珀耳塞福涅,"宙斯,德墨忒尔",父母
珀耳塞福涅,"冥界,死亡,种子,丰产",司掌
狄俄尼索斯,奥林匹斯山,居所
狄俄尼索斯,"酒神杖,葡萄藤,葡萄酒,酒杯,貂",象征
狄俄尼索斯,狄俄尼索斯,中文名
狄俄尼索斯,巴克斯,罗马对应神
狄俄尼索斯,希腊神话,神话体系
狄俄尼索斯,"雅典娜,阿尔忒弥斯,阿波罗,赫菲斯托斯,阿瑞斯,赫尔墨斯",兄弟姐妹
狄俄尼索斯,Dionysus,外文名
狄俄尼索斯,阿里阿德涅,配偶
狄俄尼索斯,"宙斯,塞墨勒",父母
狄俄尼索斯,"酒,酿造,陶醉,狂欢,戏剧",司掌
厄洛斯,厄洛斯,中文名
厄洛斯,Eros,外文名
赫柏,赫柏,中文名
赫柏,Hebe,外文名
潘,潘,中文名
潘,Pan,外文名
潘,绪林克斯,配偶
潘,",珀律俄珀,珀涅罗珀",父母
潘,"牧羊,牧羊人,山林,狩猎,乡村音乐",司掌
忒提丝,忒提丝,中文名
忒提丝,Thetis,外文名
海精,海精,中文名
海精,阿穆芙莱特,兄弟姐妹
海精,希腊神话,神话体系
海精,TheNereids,外文名
海精,多丽斯,父母
特里同,人鱼,职业
特里同,特里同,中文名
特里同,古希腊神话,神话体系
特里同,Triton,外文名
特里同,"波塞冬,安菲特里忒",父母
特里同,古希腊,国籍
特里同,古希腊神话,代表作品
米诺斯,米诺斯,中文名
米诺斯,克里特之王,身份
米诺斯,古希腊神话,神话体系
米诺斯,Minos,外文名
米诺斯,欧罗巴,父母
米诺斯,男,性别
拉达曼迪斯,拉达曼迪斯,中文名
拉达曼迪斯,Rhadamanthys,外文名
卡吕普索,卡吕普索,中文名
卡吕普索,Ogygia,居住地
卡吕普索,奥林匹斯神,民族
卡吕普索,Calypso,外文名
卡吕普索,希腊神话中的海之女神,主要成就
卡吕普索,我将隐藏,词义为
卡吕普索,奥德修斯,配偶
卡吕普索,Nausinous,子女
卡吕普索,阿特拉斯,父母
阿刻罗俄斯,阿刻罗俄斯,中文名
阿刻罗俄斯,希腊神话,神话体系
阿刻罗俄斯,Achelous,外文名
阿刻罗俄斯,泰西斯,父母
阿刻罗俄斯,男,性别
阿尔库俄纽斯,阿尔库俄纽斯,中文名
阿尔库俄纽斯,Alcyoneus,外文名
阿玛耳忒亚,阿玛耳忒亚,中文名
阿玛耳忒亚,海中仙女,身份
阿玛耳忒亚,Amalthea,外文名
阿玛耳忒亚,河神阿刻罗俄斯,相关人物
阿玛耳忒亚,希腊,国籍
伊里斯,伊里斯,中文名
伊里斯,Iris,外文名
琉喀忒亚,琉喀忒亚,中文名
琉喀忒亚,Leucothea,外文名
珀耳塞福涅,冥界,居所
珀耳塞福涅,"石榴,稻穗",象征
珀耳塞福涅,珀耳塞福涅,中文名
珀耳塞福涅,普洛塞庇娜,罗马对应神
珀耳塞福涅,希腊神话,神话体系
珀耳塞福涅,"雅典娜,阿尔忒弥斯,阿波罗,赫菲斯托斯,阿瑞斯,赫尔墨斯,狄俄尼索斯",兄弟姐妹
珀耳塞福涅,Perse,外文名
珀耳塞福涅,哈迪斯,配偶
珀耳塞福涅,"匝格瑞俄斯,墨利诺厄",子女
珀耳塞福涅,"宙斯,德墨忒尔",父母
珀耳塞福涅,"冥界,死亡,种子,丰产",司掌
克吕墨涅,"海神,十二提坦神",所属团体
克吕墨涅,"名誉,声望",象征
克吕墨涅,克吕墨涅,中文名
克吕墨涅,希腊神话,神话体系
克吕墨涅,Clymene,外文名
克吕墨涅,伊阿珀托斯,配偶
克吕墨涅,"阿忒拉斯,普罗米修斯,厄庇墨透斯,墨诺提俄斯",子女
克吕墨涅,"俄刻阿诺斯,泰西斯",父母
克吕墨涅,"名望,海神族司掌的领域,例如：创造,毁灭,天空,海洋",司掌
克吕墨涅,Κλυμένη,希腊名
喀耳刻,喀耳刻,中文名
喀耳刻,Circe,外文名
普洛透斯,普洛透斯,中文名
普洛透斯,Proteus,外文名
普洛透斯,希腊神话,来源出处
斯卡曼德洛斯,斯卡曼德洛斯,中文名
斯卡曼德洛斯,"河名,亦是河神名",定义
斯卡曼德洛斯,Scamander,外文名
斯卡曼德洛斯,Σκάμανδρος,希腊文
斯卡曼德洛斯,神话人物,分类
赫斯帕里得斯,赫斯帕里得斯,中文名
赫斯帕里得斯,希腊神话,神话体系
赫斯帕里得斯,Hesperides,外文名
赫斯帕里得斯,看守极西方赫拉金苹果圣园,主要成就
赫斯帕里得斯,女神,种族
赫斯帕里得斯,女,性别
绪任克斯,绪任克斯,中文名
绪任克斯,古罗马神话,神话体系
绪任克斯,Syrinx,外文名
绪任克斯,山林,司掌
绪任克斯,女,性别
雅典娜,奥林匹斯山,居所
雅典娜,"埃癸斯,橄榄枝,猫头鹰,蛇,纺纱杆,纺锤",象征
雅典娜,雅典娜,中文名
雅典娜,密涅瓦,罗马对应神
雅典娜,希腊神话,神话体系
雅典娜,"波洛斯,阿尔忒弥斯,阿波罗,赫菲斯托斯,阿瑞斯,赫尔墨斯,狄俄尼索斯,珀耳塞福涅",兄弟姐妹
雅典娜,Pallas,外文名
雅典娜,"宙斯,墨提斯",父母
雅典娜,"智慧,艺术,纺织,绘画,园艺,工艺,农业,畜牧,航海,军事",司掌
欧律诺墨,海洋,居所
欧律诺墨,欧律诺墨,中文名
欧律诺墨,三千大洋神女姐妹,兄弟姐妹
欧律诺墨,希腊神话,神话体系
欧律诺墨,Eurynome,外文名
欧律诺墨,宙斯,配偶
欧律诺墨,美惠三女神,子女
欧律诺墨,"俄刻阿诺斯,泰西斯",父母
欧律诺墨,海洋,司掌
格劳克斯,格劳克斯,中文名
格劳克斯,Glaucus,外文名
塔罗斯,塔罗斯,中文名
塔罗斯,希腊神话,神话体系
塔罗斯,Talus,外文名
塞勒涅,塞勒涅,中文名
塞勒涅,Selene,外文名
墨诺提俄斯,墨诺提俄斯,中文名
墨诺提俄斯,Menoetius,外文名
克拉托斯,克拉托斯,中文名
克拉托斯,Cratos,外文名
克拉托斯,希腊神话,出现
克拉托斯,男,性别
厄喀德那,厄喀德那,中文名
厄喀德那,Echidna,外文名
戈耳工,戈耳工,中文名
戈耳工,希腊神话,神话体系
戈耳工,丝西娜,兄弟姐妹
戈耳工,Gorgons,外文名
戈耳工,"海神福耳库斯,刻托",父母
克律萨俄耳,克律萨俄耳,中文名
克律萨俄耳,珀伽索斯,兄弟姐妹
克律萨俄耳,希腊神话,神话体系
克律萨俄耳,Chrysaor,外文名
克律萨俄耳,卡利罗厄,配偶
克律萨俄耳,革律翁,子女
克律萨俄耳,"波塞冬,美杜莎",父母
刻耳柏洛斯,冥界,居所
刻耳柏洛斯,刻耳柏洛斯,中文名
刻耳柏洛斯,希腊神话,神话体系
刻耳柏洛斯,哈迪斯,主人
刻耳柏洛斯,Cerberus,外文名
刻耳柏洛斯,"堤丰,厄喀德那",父母
刻耳柏洛斯,负责看守冥界的大门,司掌
刻托,刻托,中文名
刻托,Ceto,外文名
拉冬,拉冬,中文名
拉冬,Ladon,外文名
弥诺陶洛斯,弥诺陶洛斯,中文名
弥诺陶洛斯,希腊神话,神话体系
弥诺陶洛斯,Minotaur,外文名
弥诺陶洛斯,"克里特公牛,帕西淮",父母
珀伽索斯,珀伽索斯,中文名
珀伽索斯,马神,角色
珀伽索斯,"文艺,科学女神缪斯的标志",含义
珀伽索斯,克律萨俄耳,兄弟姐妹
珀伽索斯,Pegasus,外文名
珀伽索斯,Πήγασος,古希腊名
珀伽索斯,美杜莎,父母
格莱埃,格莱埃,中文名
格莱埃,神话人物,民族
格莱埃,戈耳工,兄弟姐妹
格莱埃,"共有一只眼睛,一只牙齿。",特征
格莱埃,Graeae,外文名
格莱埃,"福耳库斯,刻托",父母
格莱埃,女,性别
海德拉,海德拉,中文名
海德拉,希腊神话,神话体系
海德拉,砍掉一个头长出两个头,特征
海德拉,Hydra,外文名
奇美拉,奇美拉,中文名
奇美拉,希腊神话,神话体系
奇美拉,Chimaera,外文名
斯库拉,斯库拉,中文名
斯库拉,希腊神话,神话体系
斯库拉,Scylla,外文名
斯芬克斯,斯芬克斯,中文名
斯芬克斯,"埃及,西亚,希腊,沙漠四种",传说种类
斯芬克斯,Sphinx,外文名
斯芬克斯,斯芬克斯之谜,拓展
斯芬克斯,起源为雄性,性别
堤福俄斯,堤福俄斯,中文名
堤福俄斯,风暴,象征
堤福俄斯,希腊神话,神话体系
堤福俄斯,Typhon,外文名
堤福俄斯,厄喀德那,配偶
堤福俄斯,"拉冬,海德拉,刻耳柏洛斯,双头犬,尼米亚猛狮,奇美拉,斯芬克斯,斯库拉",子女
堤福俄斯,盖亚,父母
福耳库斯,福耳库斯,中文名
福耳库斯,古希腊神话,神话体系
福耳库斯,"涅柔斯,欧律比亚,刻托,陶玛斯",兄弟姐妹
福耳库斯,Phorcys,外文名
福耳库斯,丝西娜,子女
福耳库斯,刻托,配偶
福耳库斯,"蓬托斯,盖亚",父母
福耳库斯,海洋,司掌
塞壬,"墨西拿海峡附近的岛屿,一说西西里岛附近的岛屿",居所
塞壬,塞壬,中文名
塞壬,希腊神话,神话体系
塞壬,Siren,外文名
美杜莎,美杜莎,中文名
美杜莎,"丝西娜,尤瑞艾莉",兄弟姐妹
美杜莎,Medusa,外文名
美杜莎,"福耳库斯,刻托",父母
潘多拉,潘多拉,中文名
潘多拉,希腊神话体系,神话体系
潘多拉,Pandora,外文名
潘多拉,埃庇米修斯,配偶
潘多拉,皮拉,子女
潘多拉,噩运,司掌
厄帕俄斯,厄帕俄斯,中文名
厄帕俄斯,希腊神话,神话体系
厄帕俄斯,Epeius,外文名
厄帕俄斯,特洛伊战争,经历
厄帕俄斯,帕诺派俄斯,父母
厄帕俄斯,男,性别
厄瑞克透斯,雅典城,居所
厄瑞克透斯,"凡人,英雄,雅典国王",种类
厄瑞克透斯,厄瑞克透斯,中文名
厄瑞克透斯,希腊神话,神话体系
厄瑞克透斯,Erechtheus,外文名
厄瑞克透斯,"克托尼亚,克瑞乌萨",子女
厄瑞克透斯,"潘狄翁,,策雨茜泼",父母
厄瑞克透斯,男,性别
厄特克勒斯,底比斯,居所
厄特克勒斯,厄特克勒斯,中文名
厄特克勒斯,波吕尼刻斯,兄弟姐妹
厄特克勒斯,希腊神话,神话体系
厄特克勒斯,Eteocles,外文名
厄特克勒斯,Ἐτεοκλῆς,古希腊名
厄特克勒斯,"俄狄浦斯,伊俄卡斯忒",父母
厄特克勒斯,男,性别
俄里翁,俄里翁,中文名
俄里翁,希腊神话,神话体系
俄里翁,Orion,外文名
俄里翁,海神波塞冬,父母
俄里翁,"普勒阿得斯,墨洛珀,阿尔忒弥斯",相关人物
俄里翁,年轻英俊,外貌
伊娥,勒那草地,居所
伊娥,伊娥,中文名
伊娥,希腊神话,神话体系
伊娥,Io,外文名
伊娥,宙斯,配偶
阿斯克勒庇俄斯,阿斯克勒庇俄斯,中文名
阿斯克勒庇俄斯,医神,职业
阿斯克勒庇俄斯,Asclepius,外文名
阿斯克勒庇俄斯,希腊神话,地位
阿斯克勒庇俄斯,女神厄庇俄涅,配偶
阿斯克勒庇俄斯,希腊,国籍
布里塞伊斯,布里塞伊斯,中文名
布里塞伊斯,"阿伽门农,阿喀琉斯矛盾的导火索",简介
布里塞伊斯,Briseis,外文名
布里塞伊斯,神话人物,类型
欧罗巴,欧罗巴,中文名
欧罗巴,希腊神话,神话体系
欧罗巴,Europe,外文名
欧罗巴,"拉达曼提斯,弥诺斯,萨耳珀冬",子女
欧罗巴,宙斯,配偶
欧罗巴,阿革诺耳,父母
欧罗巴,女,性别
德摩斯,德摩斯,中文名
德摩斯,Cadmus,外文名
德摩斯,忒拜的创建者,主要成就
德摩斯,希腊,出生地
德摩斯,希腊,国籍
卡帕纽斯,卡帕纽斯,中文名
卡帕纽斯,Capaneus,外文名
卡帕纽斯,攻打底比斯,主要成就
卡帕纽斯,埃文德娜,配偶
卡帕纽斯,希腊,国籍
卡帕纽斯,男,性别
卡珊德拉,阿波罗的祭司,职业
卡珊德拉,卡珊德拉,中文名
卡珊德拉,"希腊,罗马神话",神话体系
卡珊德拉,Cassandra,外文名
卡珊德拉,赫卡柏,父母
卡珊德拉,特洛伊,国籍
第达罗斯,"发明家,守护神",职业
第达罗斯,第达罗斯,中文名
第达罗斯,Daedalus,外文名
第达罗斯,雅典,出生地
第达罗斯,古希腊,国籍
尼柔斯,尼柔斯,中文名
尼柔斯,希腊神话,神话体系
尼柔斯,Nireus,外文名
尼柔斯,泉水女神,父母
尼柔斯,男,性别
皮拉,皮拉,中文名
皮拉,希腊神话,神话体系
皮拉,Pyrrla,外文名
皮拉,丢卡利翁,配偶
皮拉,潘多拉,父母
皮拉,女,性别
安菲阿剌俄斯,"宙斯,阿波罗",青睐者
安菲阿剌俄斯,安菲阿剌俄斯,中文名
安菲阿剌俄斯,攻打忒拜,相关事件
安菲阿剌俄斯,Amphiaraus,外文名
安菲阿剌俄斯,预言家,职位
安菲阿剌俄斯,"医疗,算命之神",崇拜
安菲阿剌俄斯,男,性别
安德洛玛刻,《特洛伊妇女》,相关作品
安德洛玛刻,安德洛玛刻,中文名
安德洛玛刻,古希腊神话,神话体系
安德洛玛刻,Andromache,外文名
安德洛玛刻,赫克托耳,配偶
安德洛玛刻,阿提阿那克斯,子女
安德洛玛刻,厄提昂,父母
安德洛玛刻,《伊利亚特》古希腊悲剧中的形象,背景
安德洛玛刻,女,性别
伊卡洛斯,伊卡洛斯,中文名
伊卡洛斯,古希腊神话,神话体系
伊卡洛斯,Icarus,外文名
伊卡洛斯,代达罗斯,父母
伊卡洛斯,男,性别
伊克西翁,特萨利,居所
伊克西翁,伊克西翁,中文名
伊克西翁,"永恒的惩罚,无尽的折磨,万劫不复",象征
伊克西翁,希腊神话,神话体系
伊克西翁,Ixion,外文名
伊克西翁,黛,配偶
伊克西翁,"狄奥尼斯,宙斯",相关人物
伊阿西翁,伊阿西翁,中文名
伊阿西翁,希腊神话,神话体系
伊阿西翁,Jasion,外文名
伊阿西翁,普路托斯,子女
伊阿西翁,宙斯,父母
伊阿西翁,宙斯殛死,死亡
伊阿宋,古希腊神话英雄,职业
伊阿宋,伊阿宋,中文名
伊阿宋,Jason,外文名
伊阿宋,希腊神话中夺取金羊毛的主要英雄,主要成就
伊阿宋,埃宋,父母
伊阿宋,古希腊,国籍
伊阿宋,克瑞透斯,祖父
西绪福斯,西绪福斯,中文名
西绪福斯,Sisyphus,外文名
克律塞伊丝,克律塞伊丝,中文名
克律塞伊丝,希腊神话,神话体系
克律塞伊丝,Chryseis,外文名
克律塞伊丝,克律塞斯,父母
克律塞伊丝,阿伽门农,相关人物
克律塞伊丝,希腊,国籍
克律塞伊丝,女,性别
克吕泰涅斯特拉,克吕泰涅斯特拉,中文名
克吕泰涅斯特拉,Clytaemnestra,外文名
克吕泰涅斯特拉,希腊神话,登场作品
克吕泰涅斯特拉,希腊,国籍
克吕泰涅斯特拉,女,性别
希波墨冬,七雄攻忒拜,相关作品
希波墨冬,希波墨冬,中文名
希波墨冬,希腊神话,神话体系
希波墨冬,Hippomedon,外文名
希波墨冬,Ἰππομέδων,古希腊名
希波墨冬,希腊,国籍
希波墨冬,男,性别
忒勒玛科斯,奥林匹斯山,居所
忒勒玛科斯,喻指回老家尽其天职的人,象征
忒勒玛科斯,忒勒玛科斯,中文名
忒勒玛科斯,古希腊神话,神话体系
忒勒玛科斯,Telemachus,外文名
忒勒玛科斯,厄皮卡斯忒,子女
忒勒玛科斯,内斯托,配偶
忒勒玛科斯,"奥德修斯,珀涅罗珀",父母
忒勒玛科斯,男,性别
忒瑞西阿斯,忒拜的盲人先知,职业
忒瑞西阿斯,忒瑞西阿斯,中文名
忒瑞西阿斯,希腊,民族
忒瑞西阿斯,希腊多神论,信仰
忒瑞西阿斯,Tiresias,外文名
忒瑞西阿斯,"裁决“男人还是女人得到的快感多”,预言那耳喀索尔的未来,指出忒拜瘟疫的原因",主要成就
忒瑞西阿斯,"奥德修斯,俄狄浦斯",相关人物
忒瑞西阿斯,希腊,国籍
忒瑞西阿斯,男,性别
"阿喀琉斯,阿基里斯",佛堤亚,居所
"阿喀琉斯,阿基里斯","阿喀琉斯,阿基里斯",中文名
"阿喀琉斯,阿基里斯",希腊联军,所属组织
"阿喀琉斯,阿基里斯",波莉多拉,兄弟姐妹
"阿喀琉斯,阿基里斯",希腊神话,神话体系
"阿喀琉斯,阿基里斯",Achilles,外文名
"阿喀琉斯,阿基里斯",得伊达弥亚,配偶
"阿喀琉斯,阿基里斯",涅俄普托勒摩斯,子女
"阿喀琉斯,阿基里斯","海洋女神：忒提斯,凡人英雄：佩琉斯",父母
"阿喀琉斯,阿基里斯","帕特洛克罗斯,安提罗科斯",挚友
阿德剌斯托斯,阿德剌斯托斯,中文名
阿德剌斯托斯,希腊神话,神话体系
阿德剌斯托斯,Adrastus,外文名
阿德剌斯托斯,安菲忒亚,配偶
阿德剌斯托斯,"埃癸阿勒俄斯,阿耳癸亚,得伊皮勒,埃癸阿勒,欧律狄刻",子女
阿德剌斯托斯,"塔拉俄斯,吕西玛刻",父母
阿德剌斯托斯,主宰自然界地下力量,司掌
阿德剌斯托斯,男,性别
阿伽门农,阿伽门农,中文名
阿伽门农,迈锡尼,所属地域
阿伽门农,"墨涅拉俄斯,阿娜克茜比娅",兄弟姐妹
阿伽门农,"《伊利亚特》,《奥德赛》,《阿伽门农》",相关著作
阿伽门农,Agamemnon,外文名
阿伽门农,Ἀγαμέμνων,希腊文
阿伽门农,克吕泰涅斯特拉,配偶
阿伽门农,"伊菲革涅娅,厄勒克特拉,奥瑞斯特斯",子女
阿伽门农,"阿特柔斯,阿厄洛珀",父母
阿伽门农,希腊迈锡尼国王,职位
阿塔兰忒,阿塔兰忒,中文名
阿塔兰忒,母熊,象征
阿塔兰忒,希腊神话,神话体系
阿塔兰忒,Atalanta,外文名
阿塔兰忒,希波墨涅斯,配偶
阿塔兰忒,"伊阿索斯,克吕墨涅",父母
阿特柔斯,阿特柔斯,中文名
阿特柔斯,梯厄斯忒斯,兄弟姐妹
阿特柔斯,希腊神话,神话体系
阿特柔斯,Atreus,外文名
阿特柔斯,"阿伽门农,墨涅拉奥斯",子女
阿特柔斯,"珀罗普斯,希波达弥亚",父母
欧律斯透斯,欧律斯透斯,中文名
欧律斯透斯,珀耳修斯的孙子,身份
欧律斯透斯,希腊神话,神话体系
欧律斯透斯,Eurystheus,外文名
欧律斯透斯,赫拉克勒斯,相关人物
欧律斯透斯,希腊,国籍
欧律斯透斯,男,性别
帕里斯,帕里斯,中文名
帕里斯,希腊神话,神话体系
帕里斯,Paris,外文名
帕里斯,裁决了奥林匹斯山上的女神之争,主要成就
帕里斯,"俄诺涅,海伦",配偶
帕里斯,Πάρις,古希腊名
帕里斯,"普里阿摩斯,赫卡柏",父母
帕里斯,男,性别
帕耳忒诺派俄斯,帕耳忒诺派俄斯,中文名
帕耳忒诺派俄斯,攻打忒拜的七英雄之一,名誉
帕耳忒诺派俄斯,希腊神话中的英雄,来源
帕耳忒诺派俄斯,Parthenopaeus,外文名
帕特洛克罗斯,密尔弥冬,居所
帕特洛克罗斯,帕特洛克罗斯,中文名
帕特洛克罗斯,希腊神话,神话体系
帕特洛克罗斯,希腊联军,所属战队
帕特洛克罗斯,Patroclus,外文名
帕特洛克罗斯,墨诺提俄斯,父母
帕特洛克罗斯,阿喀琉斯,挚友
帕特洛克罗斯,父亲的荣耀,名字含义
法厄同,法厄同,中文名
法厄同,Phaethon,外文名
法厄同,太阳神赫利俄斯之子,主要成就
法厄同,熊熊燃烧,原意
坦塔罗斯,坦塔罗斯,中文名
坦塔罗斯,Tantalus,外文名
坦塔罗斯,古希腊神话人物形象,来源
坦塔罗斯,珀罗普斯,子女
坦塔罗斯,普露托,父母
坦塔罗斯,希腊,国籍
美狄亚,美狄亚,中文名
美狄亚,"科尔基斯,会施法术的公主",身份
美狄亚,希腊神话,神话体系
美狄亚,Medea,外文名
美狄亚,伊阿宋王子,配偶
美狄亚,女,性别
珀利阿斯,珀利阿斯,中文名
珀利阿斯,篡位,象征
珀利阿斯,埃宋,兄弟姐妹
珀利阿斯,希腊神话,神话体系
珀利阿斯,Pelias,外文名
珀利阿斯,希腊,所属国家
珀利阿斯,"波塞冬,堤洛",父母
佩琉斯,佩琉斯,中文名
佩琉斯,希腊神话,神话体系
佩琉斯,Peleus,外文名
佩琉斯,忒提斯,配偶
佩琉斯,阿基里斯,子女
佩琉斯,"埃阿克斯,恩德伊斯",父母
珀罗普斯,希腊,居所
珀罗普斯,珀罗普斯,中文名
珀罗普斯,雅典神话,神话体系
珀罗普斯,Pelops,外文名
珀罗普斯,坦塔罗斯,父母
珀耳修斯,珀耳修斯,中文名
珀耳修斯,夺取美杜莎的头,相关事件
珀耳修斯,Perseus,外文名
珀耳修斯,安德罗墨达,配偶
珀耳修斯,达那厄,父母
珀耳修斯,希腊神话,出自
珀耳修斯,男,性别
辛尼斯,著名强盗,职业
辛尼斯,辛尼斯,中文名
辛尼斯,Sinnis,外文名
斯喀戎,斯喀戎,中文名
斯喀戎,Sciron,外文名
斯喀戎,希腊,国籍
斯喀戎,男,性别
埃厄忒斯,科尔基斯国王,职业
埃厄忒斯,埃厄忒斯,中文名
埃厄忒斯,Aeetes,外文名
埃厄忒斯,古希腊科尔基斯,国籍
埃厄忒斯,古希腊神话的人物,类型
埃涅阿斯,埃涅阿斯,中文名
埃涅阿斯,罗马人的祖先,象征
埃涅阿斯,"希腊神话,罗马神话",神话体系
埃涅阿斯,Aeneas,外文名
埃涅阿斯,拉维尼亚二世,配偶
埃涅阿斯,"安喀塞斯一世,阿佛洛狄忒",父母
尤瑞艾莉,30kg,体重
尤瑞艾莉,尤瑞艾莉,中文名
尤瑞艾莉,浅川悠,配音
尤瑞艾莉,斯忒诺,兄弟姐妹
尤瑞艾莉,欧洲,地域
尤瑞艾莉,"《Fate/hollow,ataraxia》,《Fate/Grand,Order》",登场作品
尤瑞艾莉,Archer,职阶
尤瑞艾莉,美杜莎,妹妹
尤瑞艾莉,"134,cm",身高
尤瑞艾莉,AKIRA,绘师
尤瑞艾莉,女,性别
埃庇米修斯,埃庇米修斯,中文名
埃庇米修斯,“后见之明”,含义
帕诺派俄斯,帕诺派俄斯,中文名
克托尼亚,克托尼亚,中文名
克瑞乌萨,克瑞乌萨,中文名
克瑞乌萨,古希腊神话女性人物之一,身份
克瑞乌萨,女,性别
潘狄翁,潘狄翁,中文名
策雨茜泼,策雨茜泼,中文名
波吕尼刻斯,波吕尼刻斯,中文名
波吕尼刻斯,希腊神话,神话体系
波吕尼刻斯,"俄狄浦斯,伊俄卡斯忒",父母
波吕尼刻斯,男,性别
俄狄浦斯,国王,职业
俄狄浦斯,俄狄浦斯,中文名
俄狄浦斯,命运悲剧人物,文学形象
俄狄浦斯,男,性别
伊俄卡斯忒,伊俄卡斯忒,中文名
伊俄卡斯忒,兄长：克瑞翁Creon,兄弟姐妹
伊俄卡斯忒,希腊神话,神话体系
伊俄卡斯忒,忒拜国王拉伊俄斯,配偶
伊俄卡斯忒,"俄狄浦斯,Oedipus",子女
伊俄卡斯忒,女,性别
波塞冬,"奥林匹斯山,大海",居所
波塞冬,"三叉戟,海豚,鱼,马,公牛",象征
波塞冬,波塞冬,中文名
波塞冬,尼普顿,罗马对应神
波塞冬,希腊神话,神话体系
波塞冬,"赫斯提亚,德墨忒尔,赫拉,哈迪斯,宙斯",兄弟姐妹
波塞冬,安菲特里忒,配偶
波塞冬,"忒休斯,特里同,波吕斐摩斯,柏罗斯",子女
波塞冬,"克洛诺斯,瑞亚",父母
波塞冬,"海洋,海啸,地震,风暴,所有海洋生物,马匹",司掌
拉达曼提斯,拉达曼提斯,中文名
米诺斯,米诺斯,中文名
米诺斯,克里特之王,身份
米诺斯,古希腊神话,神话体系
米诺斯,欧罗巴,父母
米诺斯,男,性别
萨耳珀冬,萨耳珀冬,中文名
阿革诺耳,阿革诺耳,中文名
埃文德娜,埃文德娜,中文名
泉水女神,泉水女神,中文名
丢卡利翁,丢卡利翁,中文名
丢卡利翁,皮拉,配偶
丢卡利翁,"普罗米修斯,普罗诺亚",父母
丢卡利翁,希腊,国籍
丢卡利翁,男,性别
阿提阿那克斯,阿提阿那克斯,中文名
厄提昂,厄提昂,中文名
第达罗斯,"发明家,守护神",职业
第达罗斯,第达罗斯,中文名
第达罗斯,雅典,出生地
第达罗斯,古希腊,国籍
黛,黛,中文名
普路托斯,普路托斯,中文名
普路托斯,德墨忒尔伊阿西翁,父母
普路托斯,财富,司掌
埃宋,埃宋,中文名
埃宋,珀利阿斯,兄弟姐妹
埃宋,克瑞透斯,父母
埃宋,埃宋,本名
克瑞透斯,克瑞透斯,中文名
克瑞透斯,男,性别
克律塞斯,克律塞斯,中文名
克律塞斯,远射之神阿波罗的祭司,身份
克律塞斯,古希腊,所处时代
克律塞斯,克律塞斯,本名
厄皮卡斯忒,厄皮卡斯忒,中文名
内斯托,内斯托,中文名
波莉多拉,波莉多拉,中文名
得伊达弥亚,得伊达弥亚,中文名
涅俄普托勒摩斯,涅俄普托勒摩斯,中文名
海洋女神：忒提斯,海洋女神：忒提斯,中文名
凡人英雄：佩琉斯,凡人英雄：佩琉斯,中文名
安菲忒亚,安菲忒亚,中文名
埃癸阿勒俄斯,埃癸阿勒俄斯,中文名
阿耳癸亚,阿耳癸亚,中文名
得伊皮勒,得伊皮勒,中文名
埃癸阿勒,埃癸阿勒,中文名
欧律狄刻,"歌剧《俄耳甫斯,欧律狄克》",相关作品
欧律狄刻,欧律狄刻,中文名
欧律狄刻,希腊神话,登场作品
欧律狄刻,女,性别
塔拉俄斯,塔拉俄斯,中文名
吕西玛刻,吕西玛刻,中文名
墨涅拉奥斯,墨涅拉奥斯,中文名
墨涅拉奥斯,阿伽门农,兄弟姐妹
墨涅拉奥斯,希腊神话,神话体系
墨涅拉奥斯,海伦,配偶
阿娜克茜比娅,阿娜克茜比娅,中文名
伊菲革涅娅,伊菲革涅娅,中文名
厄勒克特拉,厄勒克特拉,中文名
奥瑞斯特斯,奥瑞斯特斯,中文名
阿厄洛珀,阿厄洛珀,中文名
希波墨涅斯,希波墨涅斯,中文名
希波墨涅斯,阿塔兰忒生了英雄帕耳忒诺派俄斯,相关
伊阿索斯,伊阿索斯,中文名
梯厄斯忒斯,梯厄斯忒斯,中文名
希波达弥亚,希波达弥亚,中文名
俄诺涅,俄诺涅,中文名
普里阿摩斯,特洛伊国王,职业
普里阿摩斯,普里阿摩斯,中文名
普里阿摩斯,特洛伊战争,故事背景
普里阿摩斯,希腊,国籍
普里阿摩斯,男,性别
普露托,普露托,中文名
伊阿宋王子,伊阿宋王子,中文名
堤洛,堤洛,中文名
忒提丝,忒提丝,中文名
忒提丝,古希腊神话,神话体系
忒提丝,"赫拉,雅典娜",好友
忒提丝,佩琉斯,配偶
忒提丝,阿喀琉斯,子女
忒提丝,"海神涅柔斯,海洋女神多丽斯",父母
阿基里斯,阿基里斯,中文名
埃阿克斯,埃阿克斯,中文名
恩德伊斯,恩德伊斯,中文名
安德罗墨达,安德罗墨达,中文名
达那厄,达那厄,中文名
达那厄,女,性别
拉维尼亚二世,拉维尼亚二世,中文名
安喀塞斯一世,安喀塞斯一世,中文名
阿弗洛狄忒,奥林匹斯山,居所
阿弗洛狄忒,"玫瑰,扇贝,香桃木,白鸽,麻雀,镜子,天鹅",象征
阿弗洛狄忒,阿弗洛狄忒,中文名
阿弗洛狄忒,维纳斯,罗马对应神
阿弗洛狄忒,希腊神话,神话体系
阿弗洛狄忒,"阿瑞斯,赫尔墨斯,狄俄尼索斯,波塞冬,阿多尼斯",配偶
阿弗洛狄忒,"厄洛斯,安忒洛斯,哈耳摩尼亚,福波斯,得摩斯",子女
阿弗洛狄忒,"乌拉诺斯,宙斯,狄俄涅",父母
阿弗洛狄忒,"美丽,爱情,性欲,航海",司掌
