��������,������,��������
��������,������,���Χ
��������,��,����
��СС,��������,��������
��СС,������,���
��СС,��СС,����
��СС,��������,���Χ
��СС,������,����
������,��������,��������
������,��СС,�ܵ�
������,������,����
������,��������,���Χ
������,������,����
ѾѾ,������,����
ѾѾ,ѾѾ,����
ѾѾ,��������,���Χ
ѾѾ,���ӵ�,��Ա
ѾѾ,��,����
������,������,�ɷ�
������,ϲ����,����
������,������,��Ů
������,�����ԭ,��������
������,С����,����
������,������,����
������,����Ů��,����
������,������,����
������,�����ԭ������,���Χ
������,��,����
������,Lily,Ӣ����
������,��ӱ�������⡢̷����,������Ա
����,��ζ����,��������
����,Ů,�Ա�
����,��ζ����,���Χ
����,����,����
����,����,������Ա
������,����ʿ��������ƣ����ϸ���������ƣ�,����
������,����,����
������,������,����
������,������,����
������,�Ƽ���,���Χ
������,��,����
������,����,������Ա
ٻ����,������,�ɷ�
ٻ����,���,��������
ٻ����,Ӱ�ӡ����������¡�ٻ��ʿ��ٻٻ,����
ٻ����,������,Ů��
ٻ����,ٻ����,����
ٻ����,�Ƽ���,���Χ
ٻ����,��,����
ٻ����,����,������Ա
����,��ζ����,��������
����,��,�Ա�
����,��ζ����,���Χ
����,����,����
����,����,������Ա
ɵ��,ɵ��,����
ɵ��,����,����
ɵ��,����,���Χ
ɵ��,����,����
ɵ��,Gourd,Ӣ����
ɵ��,�����ϣ���ͨ�����������������,������Ա
������,������,����
������,Ӥ�����Ƴ�,����
�ÿɰ�,�ÿɰ�,����
�ÿɰ�,��,����
�ÿɰ�,����,������Ա
����,����,����
����,����,���Χ
����,����,����
����,���ţ���ͨ�����������������,������Ա
������,������,��ĸ
������,������,����
������,ϲ����,���
������,3��,����
������,����,����
������,С�һ�,����
������,������,����
������,������,����
������,ů����,����
������,������,����
������,��̫��,����
������,������,����
������,��̫��,����
������,ϸ������,����
������,�����,����
������,������,����
������,������,����
������,����š������ԭ,���Χ
������,��,����
������,GOAT,Ӣ����
������,����,������Ա
��̫��,��̫��,����
��̫��,��,����
����,�ϵ������򣬵���үү��С��ƣ�,����
����,��,�Ա�
����,������,����
����,�����,����
����,������,����
����,�����ԭ,���Χ
����,��,����
����,���գ���ͨ������Դ���飨���,������Ա
�޲�ʿ,Ӱ��,����
�޲�ʿ,����,����
�޲�ʿ,����,����
�޲�ʿ,����,����
�޲�ʿ,����,����
�޲�ʿ,����,����
�޲�ʿ,ϲ����,����
�޲�ʿ,������,�����෴
�޲�ʿ,о̫��,ͬ��
�޲�ʿ,������,ͬ��
�޲�ʿ,��е��,����
�޲�ʿ,�޲�ʿ,����
�޲�ʿ,�Ƽ���,���Χ
�޲�ʿ,������,����
�޲�ʿ,����,������Ա
��������,��������,����
��������,����,����
��������,ϲ����,����
��������,������,����
��������,������,����
��������,ů����,����
��������,������,����
��������,������,����
��������,��������,����
��������,�����ԭ���,���Χ
��������,������,����
��������,Humphrey,Ӣ����
��������,��ȫʤ,������Ա
�Ϲ�,�Ϲ�,����
�Ϲ�,����,���Χ
�Ϲ�,�Ϲ�,����
�Ϲ�,���ţ���ͨ��������־�������,������Ա
˫����,�����ԭ,��������
˫����,��̫��,����
˫����,˫����,�ܵ�
˫����,˫����,����
˫����,�����ԭ,���Χ
˫����,��,����
˫����,Rolly,Ӣ����
˫����,��ȫʤ�������ϡ����硢��ӱ,������Ա
˫����,�����ԭ,��������
˫����,��̫��,����
˫����,˫����,����
˫����,�����ԭ,���Χ
˫����,��,����
˫����,Raoul,Ӣ����
˫����,��ͨ����ȫʤ�������ϡ����硢��ӱ,������Ա
��ɫ��,������,��������
��ɫ��,��,�Ա�
��ɫ��,������,���Χ
��ɫ��,��,����
��ɫ��,�����ϣ���ͨ��������꿣����,������Ա
���峤,������,���
���峤,ů����,���
���峤,������,���
���峤,������,���
���峤,Զ��ʱ��,��������
���峤,�ɻ�,Ů��
���峤,��,�Ա�
���峤,������,���
���峤,ϲ����,���
���峤,�����,����
���峤,���峤,����
���峤,Զ��ʱ��,���Χ
���峤,��,����
���峤,���ţ���ͨ���������������,������Ա
�һ���,������,��������
�һ���,������,���Χ
�һ���,��,����
������,��ţ��_,��������
������,��ǡǡ,���
������,��,�Ա�
������,������,����
������,��ţ��,���Χ
������,�ڰ׻�Ѫϸ��,����
������,��ihab����,����
������,Dong,Ӣ����
������,�������ͨ�����°�Ө�����,������Ա
ϲϲ,�����ԭ���,��������
ϲϲ,ϲ����,����
ϲϲ,ϲϲ,����
ϲϲ,�����ԭ���,���Χ
ϲϲ,����,����
ϲϲ,Xixi,Ӣ����
ϲ����,ϲ�����硢��硢ϲ���������ϲ�㡢ϲèè�����������ϲ���򳤹�,����
ϲ����,��������ѪԵ��,����
ϲ����,˫����,����
ϲ����,��СС,����
ϲ����,����,����
ϲ����,��������,����
ϲ����,��ɫ��,����
ϲ����,������,����
ϲ����,ϲϲ,����
ϲ����,���ͷ,����
ϲ����,����,����
ϲ����,����,����
ϲ����,С��,����
ϲ����,Сϣ,����
ϲ����,С����,����
ϲ����,С�һ�,����
ϲ����,С����(��ϴ���),����
ϲ����,С����,����
ϲ����,С���,����
ϲ����,С������,����
ϲ����,С��,����
ϲ����,С����,����
ϲ����,С����,����
ϲ����,����,����
ϲ����,������,����
ϲ����,������,����
ϲ����,ů����,����
ϲ����,����Ů��,����
ϲ����,��е��,����
ϲ����,������,����
ϲ����,̩��,����
ϲ����,����үү,����
ϲ����,������,����
ϲ����,��ǡǡ,����
ϲ����,��̫��,����
ϲ����,������,����
ϲ����,����,����
ϲ����,��ʤ��,����
ϲ����,���,����
ϲ����,ƤƤ,����
ϲ����,ϸ������,����
ϲ����,�����,����
ϲ����,������,����
ϲ����,о̫��,����
ϲ����,������,����
ϲ����,ޱޱ����,����
ϲ����,����̫��,����
ϲ����,����,����
ϲ����,����,����
ϲ����,��������,����
ϲ����,����,����
ϲ����,�ڴ�˧,����
ϲ����,������,����
ϲ����,ϲ����,����
ϲ����,������,ĸ��
ϲ����,�����ԭ���ŹŹֽ硢��ţ���ڡ�ɳĮ�����������硢�����ǡ�Զ��ʱ����΢�����硢���������������Ƴǡ�ʱ����תվ����è����,���Χ
ϲ����,������,����
ϲ����,��,����
ϲ����,����3508��5��25��,����
ϲ����,Goat��Ƭ�������ף�,Ӣ����
ϲ����,O��,Ѫ��
ϲ����,������,����
ϲ����,���硢������,������Ա
��ǡǡ,��ţ��_,��������
��ǡǡ,������,�ܵ�
��ǡǡ,��,�Ա�
��ǡǡ,��ǡǡ,����
��ǡǡ,��ţ��,���Χ
��ǡǡ,�ڰ׻�Ѫϸ��,����
��ǡǡ,��ihab����,����
��ǡǡ,Cha,Ӣ����
��ǡǡ,�����ã���ͨ�������ࣨ���,������Ա
������,������,����
������,������껪,���Χ
������,��,����
������,Globe,Ӣ����
������,�����ӣ���ͨ�����޿��ᣨ���,������Ա
�ڻ���ʦ,�ڻ���ʦ,����
�ڻ���ʦ,����,����
�ڻ���ʦ,Gecko,Ӣ����
�ڻ���ʦ,�����ͨ���������������,������Ա
����ҽ��,��������,��������
����ҽ��,ů����,����
����ҽ��,����ҽ��,����
����ҽ��,��������,���Χ
����ҽ��,������,����
ҹ̫��,�����ԭ,��������
ҹ̫��,С����,Ů��
ҹ̫��,��̫��,����
ҹ̫��,ҹ̫��,����
ҹ̫��,�����ԭ,���Χ
ҹ̫��,Darker,Ӣ����
ҹ̫��,��̫��,����
ҹ̫��,����,������Ա
ҹ̫��,��̫��,����
����,�·�����,��������
����,��,����
����,С�ʺ�,����
����,С�³�,����
����,���,����
����,ƤƤ,����
����,������,����
����,תת,����
����,����,����
����,�·����硢�����ԭ,���Χ
����,����,����
����,������,������Ա
���ͷ,ϲ����,����
���ͷ,�ھ��,����
���Ǻ�,��̫��,ʹ����
���Ǻ�,�ؾ�,����
���Ǻ�,��̫��,������
���Ǻ�,���Ǻ�,����
���Ǻ�,��̫��,������
����,�峤���峤үү������,����
����,��,�Ա�
����,����,����
����,��������,����
����,ϲ����,����
����,С����,����
����,С�һ�,����
����,С����,����
����,������,����
����,��������,����
����,������,����
����,������,����
����,ů����,����
����,������,����
����,̩��,����
����,����үү,����
����,������,����
����,��̫��,����
����,��̫��,����
����,�ڴ�˧,����
����,����,����
����,��,����
����,god,Ӣ����
����,������,����
����,����,����
����,�Ƽ���,���Χ
����,������,����
����,����,������Ա
����,��������,��������
����,���ࣨͨ�ƣ�������үү����үү,����
����,������,����
����,��������,���Χ
����,������,����
������,��������������졢���֡�����,��ѧ�屦
������,��ζ����,��������
������,С�һ�,����
������,������,����
������,��̫��,����
������,������,����
������,��ζ�����������ԭ,���Χ
������,��,����
������,Merry,Ӣ����
������,������,������Ա
����,Զ��ʱ��,��������
����,��,�Ա�
����,ϲ����,����
����,����,����
����,Զ��ʱ��,���Χ
����,���,����
����,Super,Ӣ����
����,�����ϣ���ͨ����,������Ա
������,�����ԭ,��������
������,С��,����
������,��,�Ա�
������,����,����
������,������,����
������,�Ǵ塢��è���������ԭ,���Χ
������,��,����
������,���š����ȣ���ʱ��,������Ա
����,���,��������
����,�����ˡ����졢����ʿ������,����
����,������,Ů��
����,ٻ����,����
����,������,����
����,�Ƽ���,���Χ
����,��ȫʤ,������Ա
С��,С�֡���С��,����
С��,����Ů��,���
С��,��С��,����
С��,���������ԭ,���Χ
С��,��,����
С��,Wandi,Ӣ����
С��,�����ӣ���ͨ�����������������,������Ա
С����,С��,����
С����,��,�Ա�
С����,������,����
С����,С����,����
С����,�����ԭ,���Χ
С����,��,����
С����,�����ӣ������˶��ᣩ�����ȣ���ͨ�������ֵ�����,������Ա
Сϣ,�����,��������
Сϣ,ϲ����,����
Сϣ,������,����
Сϣ,Сϣ,����
Сϣ,����ǡ���������,���Χ
Сϣ,��,����
Сϣ,Hope,Ӣ����
Сϣ,������,������Ա
С����,С����,����
С����,ө���,����
С����,������,������Ա
Сľ,��è��,��������
Сľ,Сľ,����
Сľ,��ɳ��,���Χ
Сľ,����è,����
Сľ,������,������Ա
С�һ�,�Ǳ�,��������
С�һ�,С�һҸ��,����
С�һ�,��,�Ա�
С�һ�,��СС,����
С�һ�,������,����
С�һ�,����,����
С�һ�,��������,����
С�һ�,������,����
С�һ�,ϲ����,����
С�һ�,����,����
С�һ�,С��,����
С�һ�,С˧��,����
С�һ�,С����,����
С�һ�,С����(��ϴ���),����
С�һ�,С����,����
С�һ�,С���,����
С�һ�,С������,����
С�һ�,С����,����
С�һ�,������,����
С�һ�,������,����
С�һ�,ů����,����
С�һ�,����Ů��,����
С�һ�,̩��,����
С�һ�,����үү,����
С�һ�,������,����
С�һ�,��ǡǡ,����
С�һ�,����,����
С�һ�,���,����
С�һ�,ϸ������,����
С�һ�,�����,����
С�һ�,������,����
С�һ�,о̫��,����
С�һ�,ޱޱ����,����
С�һ�,����̫��,����
С�һ�,����,����
С�һ�,��������,����
С�һ�,������,����
С�һ�,����,����
С�һ�,�ڴ�˧,����
С�һ�,������,����
С�һ�,С�һ�,����
С�һ�,��̫��,ĸ��
С�һ�,����ݡ��ŹŹֽ硢��ţ���ڡ����������硢�����ǡ�Զ��ʱ����΢�����硢���������������Ƴǡ�ʱ����תվ����è����,���Χ
С�һ�,��̫��,����
С�һ�,��,����
С�һ�,��̫��,�游
С�һ�,С����,����
С�һ�,��ӱ,������Ա
С����,������,��������
С����,������,����
С����,��,�Ա�
С����,С����,����
С����,������,���Χ
С����,��,����
С����,Long,Ӣ����
С����,����ٻ����ͨ����֣��ޥ�����,������Ա
С��,С��,����
С��,С��,����
С��,С��,����
С��,С��,����
С��,ϸ������,����
С��,Ģ����,����
С��,���,����
С��,��ӱ,������Ա
С��,С��,����
С��,С��,����
С��,С��,����
С��,С��,����
С��,ϸ������,����
С��,��ϸ��,����
С��,��ϸ��,����
С��,����,������Ա
С��,С�̣��ǳƣ���С������������,����
С��,С��,����
С��,С��,����
С��,С��,����
С��,ϸ������,����
С��,���벡��,����
С��,���������,����
С��,������,������Ա
С���,��������,��������
С���,С���,����
С���,��������,���Χ
С���,����,����
С���,����,������Ա
С��,�Ƽ���,��������
С��,С�ף����꣩,���
С��,Ů,�Ա�
С��,ϲ����,����
С��,С��,����
С��,�Ƽ���,���Χ
С��,��,����
С��,������,������Ա
С����,�����ԭ,��������
С����,����˿�ƺ���,����
С����,����,����
С����,��������,����
С����,ϲ����,����
С����,С����,����
С����,С����,����
С����,С�һ�,����
С����,������,����
С����,������,����
С����,ů����,����
С����,������,����
С����,����үү,����
С����,������,����
С����,С����,����
С����,��̫��,ĸ��
С����,�����ԭ,���Χ
С����,ҹ̫��,����
С����,��,����
С����,Angelalily,Ӣ����
С����,��̫��,����
С����,С�һ�,����
С����,��̫��,����
С����,�����ã��������ּ��͡������磨������С��Ը����,������Ա
Сܰ,������,��������
Сܰ,Ů,�Ա�
Сܰ,Сܰ,����
Сܰ,����,����
Сܰ,������,������Ա
С��,С��,����
С��,С��,����
С��,С��,����
С��,С��,����
С��,ϸ������,����
С��,���θ˾�,����
С��,���θ˾�,����
С��,����,������Ա
С����,������,��������
С����,С�ڡ�С����,����
С����,��,�Ա�
С����,С����,����
С����,������,���Χ
С����,��,����
С����,Drago,Ӣ����
С����,�����ã���ͨ����������ã����,������Ա
�󻤷�,������,��������
�󻤷�,������,���Χ
�󻤷�,��,����
��ʦ��,��̫��,ֶ��
��ʦ��,�����ԭ,��������
��ʦ��,��ʦ��,����
��ʦ��,�����ԭ,���Χ
��ʦ��,��,����
��ʦ��,Wizard,Ӣ����
��ʦ��,��ͨ��������������ǿ�ģ�TVB��,������Ա
����,��ζ����,��������
����,��,�Ա�
����,��ζ����,���Χ
����,����,����
����,������,������Ա
�ʺ��,ů����,ʹ����
�ʺ��,�ؾ�,����
�ʺ��,������,������
�ʺ��,�ʺ��,����
�ʺ��,ů����,������
���,��,�Ա�
���,���,����
���,��,����
���,��Ȼ����ͨ���������ࣨ���,������Ա
Ӱ��,������,�ɷ�
Ӱ��,���,��������
Ӱ��,Ӱ�ӡ����������¡�ٻ��ʿ��ٻٻ,����
Ӱ��,������,Ů��
Ӱ��,ٻ����,����
Ӱ��,�Ƽ���,���Χ
Ӱ��,��,����
Ӱ��,����,������Ա
������,������峤���峤����үү��������үү����������������ʦ����ʦ����ͷ�����򡢾�ʦ,����
������,��,�Ա�
������,��СС,����
������,������,����
������,������,����
������,����,����
������,��������,����
������,��ɫ��,����
������,������,����
������,ϲ����,����
������,��ǡǡ,����
������,����,����
������,����,����
������,С��,����
������,Сϣ,����
������,С����,����
������,С�һ�,����
������,С����,����
������,С����(��ϴ���),����
������,С����,����
������,С���,����
������,С������,����
������,С�³�,����
������,С����,����
������,С����,����
������,������,����
������,������,����
������,ů����,����
������,����Ů��,����
������,��е��,����
������,������,����
������,̩��,����
������,����үү,����
������,������,����
������,��̫��,����
������,������,����
������,����,����
������,���,����
������,ϸ������,����
������,�����,����
������,������,����
������,о̫��,����
������,������,����
������,ޱޱ����,����
������,����̫��,����
������,������,����
������,����,����
������,��������,����
������,����,����
������,�ڴ�˧,����
������,������,����
������,������,����
������,�����ԭ���ŹŹֽ硢��ţ���ڡ����������硢�����ǡ�Զ��ʱ����΢�����硢���������������Ƴǡ�ʱ����תվ����è����,���Χ
������,��,����
������,����3407��1��25��,����
������,��ȫʤ�����Ӿ���TVB����Τ��������ţ�����졷������־��,������Ա
������,�����ԭ,��������
������,�������硢��硢�������ʦ��С����,����
������,��,�Ա�
������,��СС,����
������,������,����
������,������,����
������,����,����
������,��������,����
������,������,����
������,ϲ����,����
������,��ǡǡ,����
������,����,����
������,����,����
������,С��,����
������,Сϣ,����
������,С����,����
������,С�һ�,����
������,С����(��ϴ���),����
������,С����,����
������,С���,����
������,С������,����
������,С����,����
������,С����,����
������,������,����
������,���벡��,����
������,ů����,����
������,����Ů��,����
������,������,����
������,��е��,����
������,����,����
������,������,����
������,̩��,����
������,����үү,����
������,������,����
������,��̫��,����
������,������,����
������,����,����
������,��ʤ��,����
������,���,����
������,��̫��,����
������,�����,����
������,������,����
������,о̫��,����
������,������,����
������,��̫��,����
������,ޱޱ����,����
������,����̫��,����
������,����,����
������,����,����
������,תת,����
������,����,����
������,��������,����
������,����,����
������,�ڴ�˧,����
������,������,����
������,������,����
������,�����ԭ���ŹŹֽ硢��ţ���ڡ�ɳĮ�����������硢�����ǡ�Զ��ʱ����΢�����硢���������������Ƴǡ�ʱ����תվ����è����,���Χ
������,��,����
������,����3507��6��26��,����
������,Fatty,Ӣ����
������,��ӱ,������Ա
ȭ����,�����ԭ,��������
ȭ����,ȭ����,����
ȭ����,�����ԭ,���Χ
ȭ����,Worley,Ӣ����
ȭ����,��ȫʤ,������Ա
��ͷ��,ů����,����
��ͷ��,���ͳ�,����
����,��,�Ա�
����,����,����
����,���Ƶİְ�,�ְ�
����,���Ƶ�����,�ְ�
����,��,����
����,�����ϣ���ͨ��������ã����,������Ա
���Ƶ�����,���Ƶİְ�,�ɷ�
���Ƶ�����,����,����
���Ƶ�����,Ů,�Ա�
���Ƶ�����,���Ƶ�����,����
���Ƶ�����,��,����
���Ƶ�����,�����ã���ͨ��������꿣����,������Ա
���Ƶİְ�,���Ƶ�����,����
���Ƶİְ�,����,����
���Ƶİְ�,��,�Ա�
���Ƶİְ�,���Ƶİְ�,����
���Ƶİְ�,��,����
���Ƶİְ�,������ͨ���������������,������Ա
����,��è��,��������
����,���,����
����,����,����
����,����,����
����,��è��,���Χ
����,è,����
����,����,������Ա
������,ϲ����,����
������,������,��Ů
������,�����ԭ,��������
������,С��,����
������,������,����
������,С����,����
������,������,����
������,����Ů��,����
������,������,����
������,�����ԭ�����������,���Χ
������,��,����
������,Smarc,Ӣ����
������,���ա������ϡ������硢��������½�ܰ�,������Ա
ů����,ů�����㡢�೤,����
ů����,Ů,�Ա�
ů����,��������,����
ů����,��СС,����
ů����,������,����
ů����,����,����
ů����,��������,����
ů����,���θ˾�,����
ů����,������,����
ů����,ϲ����,����
ů����,����,����
ů����,С��,����
ů����,С����,����
ů����,С����,����
ů����,С�һ�,����
ů����,С����(��ϴ���),����
ů����,С����,����
ů����,С���,����
ů����,С������,����
ů����,С����,����
ů����,Сܰ,����
ů����,С����,����
ů����,���,����
ů����,������,����
ů����,������,����
ů����,��ͷ��,����
ů����,ůů,����
ů����,����Ů��,����
ů����,����,����
ů����,����,����
ů����,������,����
ů����,̩��,����
ů����,����үү,����
ů����,������,����
ů����,��ǡǡ,����
ů����,��̫��,����
ů����,������,����
ů����,����,����
ů����,��ʤ��,����
ů����,���,����
ů����,�����,����
ů����,������,����
ů����,о̫��,����
ů����,������,����
ů����,��̫��,����
ů����,ޱޱ����,����
ů����,����̫��,����
ů����,����,����
ů����,��������,����
ů����,����,����
ů����,ӥ����,����
ů����,�ڴ�˧,����
ů����,������,����
ů����,ů����,����
ů����,����������Ѫ,����
ů����,����3505��8��17��,����
ů����,�̻�Ƽ�������䡢������,������Ա
����Ů��,С��,�ܵ�
����Ů��,����Ů��,����
����Ů��,����,���Χ
����Ů��,��,����
����Ů��,Luna,Ӣ����
����Ů��,��СȺ����ͨ��������꿣����,������Ա
������,������,ʹ����
������,�ؾ�,����
������,������,������
������,������,����
������,������,������
������,������,��������
������,__����������,����
������,������,���Χ
������,��,����
��еϲ����,��е��,����
��еϲ����,����ϲ,����
��еϲ����,������,������
��еϲ����,��еϲ����,����
��е�����,������,��������
��е�����,��е�����,����
��е�����,������,���Χ
��е�����,��,����
��е�����,Tyrano-Rex,Ӣ����
��е�����,��ȫʤ����ͨ�������ࣨ���,������Ա
��е��̫��,��е��,����
��е��̫��,������,����
��е��̫��,��̫��,������
��е��̫��,��е��̫��,����
��е��,δ������,��������
��е��,��е��,����
��е��,�����ԭ,���Χ
��е��,��е����,����
��е��,Goat,Ӣ����
��е��,�����ӣ�ԭ�������ϣ�ԭ������,������Ա
��е��ӳ���һ��,δ������,��������
��е��ӳ���һ��,��е��ӳ���һ��,����
��е��ӳ���һ��,�����ԭ,���Χ
��е��ӳ���һ��,��е����,����
��е��ӳ���һ��,�����ӣ�ԭ������,������Ա
��˧,������,����
��˧,��˧,����
��˧,ʨ��,����
��˧,����,������Ա
����,��ζ����,��������
����,��,�Ա�
����,��ζ����,���Χ
����,����,����
����,������,������Ա
����,��ζ����,��������
����,Ů,�Ա�
����,��ζ����,���Χ
����,ˮ��,����
����,������,������Ա
����,�Ƽ���,��������
����,Ů,�Ա�
����,ů����,����
����,����,����
����,�Ƽ���,���Χ
����,������,����
����,������,������Ա
�����,�����,����
�����,��,����
�����,��ȫʤ,������Ա
������,�������硢׳���򡢷��������,����
������,��,�Ա�
������,������,����
������,��СС,����
������,����,����
������,����,����
������,��������,����
������,��ϸ��,����
������,������,����
������,ϲ����,����
������,��ǡǡ,����
������,����,����
������,����,����
������,����,����
������,С��,����
������,С�ʺ�,����
������,С����,����
������,С�һ�,����
������,С����(��ϴ���),����
������,С����,����
������,С���,����
������,С������,����
������,С����,����
������,С����,����
������,������,����
������,������,����
������,���,����
������,ů����,����
������,����Ů��,����
������,��е��,����
������,��˧,����
������,̩��,����
������,����үү,����
������,������,����
������,��̫��,����
������,������,����
������,����,����
������,�򽫾�,����
������,��ʤ��,����
������,���,����
������,�콫��,����
������,�����,����
������,������,����
������,о̫��,����
������,������,����
������,ޱޱ����,����
������,����̫��,����
������,����,����
������,����,����
������,�����,����
������,��������,����
������,����,����
������,�ڴ�˧,����
������,������,����
������,������,����
������,�����ԭ���ŹŹֽ硢��ţ���ڡ�ɳĮ�����������硢�����ǡ�Զ��ʱ����΢�����硢���������������Ƴǡ�ʱ����תվ����è����,���Χ
������,��,����
������,����03��18��,����
������,��������ϼ,������Ա
�����������,������,����
�����������,��,����
����,����,��������
����,С���ˡ�������,����
����,����,�ܵ�
����,����,����
����,���ס�ʱ����תվ�������ԭ������,���Χ
����,��,����
����,TaoTao,Ӣ����
����,������,������Ա
������,��磨�ڴ�˧�ƣ����ҵĺ��ӣ�������ƣ�,����
������,��,�Ա�
������,ϲ����,����
������,������,����
������,������,����
������,ů����,����
������,������,����
������,��̫��,����
������,������,����
������,������,����
������,��,����
������,��ӱ,������Ա
�Ҷ�̫̫��,�����ԭ,��������
�Ҷ�̫̫��,�Ҷ�̫̫��,����
�Ҷ�̫̫��,�����ԭ,���Χ
�Ҷ�̫̫��,Wonky,Ӣ����
�Ҷ�̫̫��,��ȫʤ,������Ա
��̫��,С�һұ���,����
��̫��,��̫�Ǵ�������̫���������һҡ�����������������̫�����Ϲ�������,����
��̫��,��̫��,����
��̫��,32��,����
��̫��,��ƽ��,����
��̫��,������,����
��̫��,����,����
��̫��,��ɫ��,����
��̫��,������,����
��̫��,ϲ����,����
��̫��,��ǡǡ,����
��̫��,������,����
��̫��,С��,����
��̫��,С����(��ϴ���),����
��̫��,С����,����
��̫��,С������,����
��̫��,С����,����
��̫��,С����,����
��̫��,������,����
��̫��,������,����
��̫��,ս�Ǵ�˵,����
��̫��,ů����,����
��̫��,����Ů��,����
��̫��,������,����
��̫��,����үү,����
��̫��,������,����
��̫��,����,����
��̫��,��ʤ��,����
��̫��,ϸ������,����
��̫��,�����,����
��̫��,������,����
��̫��,о̫��,����
��̫��,����̫��,����
��̫��,����,����
��̫��,��������,����
��̫��,��̫��,����
��̫��,�����ԭ����Ӱɭ�֡��ŹŹֽ硢��ţ���ڡ�ɳĮ�����������硢�����ǡ�Զ��ʱ����΢�����硢���������������Ƴǡ�ʱ����תվ����è����,���Χ
��̫��,��̫��,����
��̫��,��,����
��̫��,����3481��9��26��,����
��̫��,O��,Ѫ��
��̫��,���������ϡ����ȡ����硢��������,������Ա
��̫��,������,��������
��̫��,������,���Χ
��̫��,��е��,����
������,����,����
������,������,����
������,��,����
������,����,������Ա
����,����ԭ,��������
����,��,�Ա�
����,ϲ����,����
����,��̫��,����
����,����,����
����,�����ԭ������ԭ,���Χ
����,����Ȯ,����
����,������,������Ա
�����ػ���,ʨ��������,����
�����ػ���,�����ػ���,����
�����ػ���,����,����
�����ػ���,Wolface,Ӣ����
�����ػ���,�ս�,������Ա
��ʤ��,����,����
��ʤ��,��ʤ��,����
��ʤ��,��,����
��ʤ��,������,������Ա
�׳泤��,��,�Ա�
�׳泤��,�׳泤��,����
�׳泤��,�׳�,����
�׳泤��,����,������Ա
�״��,Mr.White,Ӣ����
��ţ����,��ţ����,����
��ţ����,��,�Ա�
��ţ����,��ţ����,����
��ţ����,��ţ��,���Χ
��ţ����,��ϸ��,����
��ţ����,Whitty,Ӣ����
��ţ����,��ţ,������Ա
������,�����ԭ,��������
������,������,����
������,�����ԭ,���Χ
������,Wolfram,Ӣ����
������,��ȫʤ,������Ա
���,��è��,��������
���,��¹�����ͨ�ã������Ů�����ڻ��󣩡����ã����ճƣ�,����
���,��è������,ĸ��
���,����,���
���,Ů,�Ա�
���,ϲ����,����
���,С�һ�,����
���,������,����
���,������,����
���,ů����,����
���,������,����
���,��̫��,����
���,����,����
���,��̫��,����
���,������,����
���,���,����
���,��è���������ԭ,���Χ
���,��è������,����
���,è,����
���,������,������Ա
Ƥ��,Ƥ��,����
Ƥ��,��������,���Χ
Ƥ��,������,��Ա
Ƥ��,��,����
Ƥ��,��ȫʤ�������塢����,������Ա
ƤƤ(�³���ð��),�·�����,��������
ƤƤ(�³���ð��),ϲ����,����
ƤƤ(�³���ð��),����,����
ƤƤ(�³���ð��),��,����
ƤƤ(�³���ð��),С�ʺ�,����
ƤƤ(�³���ð��),С�³�,����
ƤƤ(�³���ð��),���,����
ƤƤ(�³���ð��),תת,����
ƤƤ(�³���ð��),ƤƤ,����
ƤƤ(�³���ð��),�·����硢�����ԭ,���Χ
ƤƤ(�³���ð��),����,����
ƤƤ(�³���ð��),������,������Ա
������,������,ʹ����
������,�ؾ�,����
������,������,������
������,������,����
������,������,������
������,����2000m�,��������
������,������,����
������,������,����
������,����,���Χ
������,����,����
����,��è��,��������
����,����,����
����,è,����
����,����,������Ա
�´��,����1500m�,��������
�´��,�´��,����
�´��,����,���Χ
�´��,����,����
�´��,����,������Ա
���ϰ�,��������,��������
���ϰ�,��̫��,����
���ϰ�,���ϰ�,����
���ϰ�,��������,���Χ
���ϰ�,������,����
��̫��,��̫��,���
��̫��,��̫��,����
��̫��,��,����
��̫��,����,������Ա
��̫��,��̫��,�ɷ�
��̫��,С�һ�,����
��̫��,��̫��,����
��̫��,���š���졢��̫�Ƿ��ˡ�������,����
��̫��,Ů,�Ա�
��̫��,��������,����
��̫��,������,����
��̫��,����,����
��̫��,��ɫ��,����
��̫��,������,����
��̫��,ϲ����,����
��̫��,��ǡǡ,����
��̫��,С��,����
��̫��,С����(��ϴ���),����
��̫��,С����,����
��̫��,С���,����
��̫��,С������,����
��̫��,С����,����
��̫��,С����,����
��̫��,������,����
��̫��,������,����
��̫��,ů����,����
��̫��,����Ů��,����
��̫��,������,����
��̫��,����үү,����
��̫��,������,����
��̫��,����,����
��̫��,ϸ������,����
��̫��,�����,����
��̫��,������,����
��̫��,о̫��,����
��̫��,����̫��,����
��̫��,����,����
��̫��,��������,����
��̫��,��̫��,����
��̫��,�ۺ�̫��,ĸ��
��̫��,�����ԭ����Ӱɭ�֡��ŹŹֽ硢��ţ���ڡ����������硢�����ǡ�Զ��ʱ����΢�����硢���������������Ƴǡ�ʱ����תվ����è����,���Χ
��̫��,��,����
��̫��,����3476��11��13��,����
��̫��,Τ�������ޱ�������,������Ա
�콫��,������,����
�콫��,������,����
����,Hollie,Ӣ����
����,������,������Ա
ϸ������,С��,����
ϸ������,С��,����
ϸ������,С��,����
ϸ������,С��,����
ϸ������,ϸ��,����
ϸ������,��ȫʤ�����ͣ������ϣ�С�ͣ�,������Ա
�����,ϲ����,���
�����,������,���
�����,������,���
�����,������,���
�����,Զ��ʱ��,��������
�����,������,���
�����,��,�Ա�
�����,�����,����
�����,Զ��ʱ��,���Χ
�����,��,����
�����,���ţ���ͨ����,������Ա
�����,����,����
�����,������,����
�����,�ǽ���,����
�����,�����,����
�����,�����ԭ,���Χ
�����,��,����
�����,Gogoa,Ӣ����
�����,����,������Ա
������,�����ԭ,��������
������,�������㡢����㡢��������ˡ���èè,����
������,Ů,�Ա�
������,˫����,����
������,��ɫС����,����
������,��СС,����
������,����,����
������,������,����
������,����,����
������,��������,����
������,������,����
������,ϲ����,����
������,����,����
������,����,����
������,����,����
������,С��,����
������,С����,����
������,С�һ�,����
������,С����(��ϴ���),����
������,С����,����
������,С���,����
������,С������,����
������,С����,����
������,С����,����
������,������,����
������,������,����
������,ů����,����
������,����Ů��,����
������,������,����
������,̩��,����
������,����үү,����
������,������,����
������,��ǡǡ,����
������,��̫��,����
������,������,����
������,����,����
������,��ʤ��,����
������,���,����
������,����,����
������,о̫��,����
������,������,����
������,ޱޱ����,����
������,Ģ����,����
������,����̫��,����
������,����,����
������,����,����
������,������,����
������,������,����
������,����,����
������,��������,����
������,����,����
������,�ڴ�˧,����
������,������,����
������,������,����
������,ٻ����,ĸ��
������,�����ԭ���ŹŹֽ硢��ţ���ڡ�ɳĮ�����������硢�����ǡ�Զ��ʱ����΢�����硢���������������Ƴǡ�ʱ����תվ����è����,���Χ
������,������,����
������,��,����
������,����4��20��,����
������,�����á�����������,������Ա
����,�����ԭ���,��������
����,������,����
����,����,����
����,�����ԭ���,���Χ
����,��,����
����,Tibtib,Ӣ����
����,��³��,������Ա
о̫��,�ǽ���,����
о̫��,�����,����
о̫��,о̫��,����
о̫��,�����ԭ,���Χ
о̫��,��,����
о̫��,Wolf���ǽ�����,Ӣ����
о̫��,����ػ�����������Ӫ������,������Ա
������,�����ԭ,��������
������,������,����
������,������,����
������,������,����
������,�����ԭ,���Χ
������,��,����
������,Stacy,Ӣ����
������,���磨���ڣ������ã����³���ð�ա������ȣ�����ʱ�վȱ�����,������Ա
��ϴ���,С����,����
��ϴ���,��ϴ���,����
��ϴ���,����,���Χ
��ϴ���,���,����
��ϴ���,Sweetie��С����,Ӣ����
��ϴ���,���ţ���ͨ�������ࣨ���,������Ա
�ɻ���,������,���
�ɻ���,ů����,���
�ɻ���,������,���
�ɻ���,������,���
�ɻ���,Զ��ʱ��,��������
�ɻ���,�ɻ�,����
�ɻ���,Ů,�Ա�
�ɻ���,������,���
�ɻ���,ϲ����,���
�ɻ���,�ɻ���,����
�ɻ���,Զ��ʱ��,���Χ
�ɻ���,���峤���,����
�ɻ���,��,����
�ɻ���,Lotus,Ӣ����
�ɻ���,���Ӹ�(������ϲ����)����ӱ����ͨ����������꿣����,������Ա
��������,������,��������
��������,С����,���
��������,��������,�ɷ�
��������,Ů,�Ա�
��������,������,���Χ
��������,_,����
��������,�װٺΣ���ͨ���������ƣ����,������Ա
��̫��,�ʽ�,����
��̫��,��,�Ա�
��̫��,��̫��,����
��̫��,��,����
ޱޱ����,�䳲�Ƶ�,��������
ޱޱ����,ޱޱ�������۷乫��,����
ޱޱ����,ޱޱ��,����
ޱޱ����,�������硢������,���Χ
ޱޱ����,�۷�,����
ޱޱ����,������,������Ա
����̫��,��,�Ա�
����̫��,����̫��,����
����̫��,è,����
����̫��,Japper,Ӣ����
����̫��,���루��ͨ�������ࣨ���,������Ա
�ϴ���,Ů,�Ա�
�ϴ���,�ϴ���,����
�ϴ���,��,����
�ϴ���,������,������Ա
����,�����ԭ���,��������
����,�������ĵ�������,����
����,������,����
����,����,����
����,�����ԭ���,���Χ
����,�ɰ���,����
����,Eggy,Ӣ����
����,����,������Ա
������,��������,��������
������,������,����
������,��������,���Χ
������,֩��,����
������,����,������Ա
�ϲ���,��,�Ա�
�ϲ���,�ϲ���,����
�ϲ���,��ţ,����
�ϲ���,��ȫʤ,������Ա
�۹�,�����۹�,����
�۹�,�۹�,����
�۹�,����,���Χ
�۹�,�۹�,����
�۹�,�����ӣ���������⣨���,������Ա
з����,����,��������
з����,з����,����
з����,����,���Χ
з����,�ľ�з,����
�³���ð��,�ſ�,����ƽ̨
�³���ð��,�㶫ԭ�������Ļ��������޹�˾,��Ʒ��
�³���ð��,�й�,��Ʒ����
�³���ð��,ϲ�������̫��֮�³���ð��,ԭ��
�³���ð��,�����������֡�2014����037��,��������֤��
�³���ð��,ԭ������������,����
�³���ð��,�����,����״̬
�³���ð��,���˼�������ᡢ��������ŷ�顢�������Ͷ�÷�����_,���
�³���ð��,Closet,����
�³���ð��,60��15����/���ӣ�,����
�³���ð��,��ӥ��ͨ,�ײ�ƽ̨
�³���ð��,2014��9��4��,�ײ�ʱ��
����,����,����
����,����,���Χ
����,����,����
����,�����ӣ���ͨ���������ޣ����,������Ա
����,������,����
����,����,����
����,��,����
����,����,������Ա
����,��ʤ��,����
����,����,����
����,��,����
����,����,������Ա
������,������,����
������,���洬,����
תת,�·�����,��������
תת,����,����
תת,��,����
תת,С�ʺ�,����
תת,С�³�,����
תת,���,����
תת,������,����
תת,ƤƤ,����
תת,תת,����
תת,�·����硢�����ԭ,���Χ
תת,ϴ�°�,����
תת,����,������Ա
������,��,�Ա�
������,������,����
������,�����ԭ����ţ����,���Χ
������,��,����
������,Mandy,Ӣ����
������,���ţ���ͨ��������??�����,������Ա
������,������,��������
������,������,���Χ
������,��,����
��֮����,��֮����,����
��֮����,�����ԭ,���Χ
��֮����,����,����
��֮����,elf,Ӣ����
��֮����,��ӱ,������Ա
����,����,��������
����,����,���
����,����,����
����,���ס�ʱ����תվ�������ԭ,���Χ
����,��,����
����,����,Ӣ����
����,������,������Ա
�����,������,��������
�����,������,���Χ
�����,��,����
������,���,��������
������,�����ˡ����졢����ʿ������,����
������,������,Ů��
������,ٻ����,����
������,������,����
������,�Ƽ���,���Χ
������,��ȫʤ,������Ա
������,��Сľ,����
������,��������,��������
������,��̫��,����
������,������,����
������,���������,���Χ
������,������,����
��Сľ,��������,��������
��Сľ,������,����
��Сľ,��Сľ,����
��Сľ,������,ĸ��
��Сľ,��������,���Χ
��Сľ,������,����
����,�����ԭ,��������
����,С��,����
����,С���������ǣ�,����
����,����,����
����,�����ԭ���Ǵ�,���Χ
����,��,����
����,�����ã���ʱ�����գ����꣩,������Ա
����,�Ա�����,����
����,��,�Ա�
����,����,����
����,�๷,����
����,Leopold,Ӣ����
����,������,������Ա
������,ϲ����,ʹ����
������,�ؾ�,����
������,������,������
������,������,����
������,ϲ����,������
������,������,ʹ����
������,�ؾ�,����
������,������,������
������,������,����
������,������,������
쫷��,������,ʹ����
쫷��,�ؾ�,����
쫷��,������,������
쫷��,쫷��,����
쫷��,������,������
��������,������,��������
��������,��������,����
��������,��,�Ա�
��������,������,���Χ
��������,_,����
��������,֣������ͨ�������磨���,������Ա
������,������,��������
������,������,���Χ
������,��,����
����,����1000m�,��������
����,����,����
����,����,���Χ
����,����,����
����,������,������Ա
ӥ����,ӥ����,����
ӥ����,ӥ,����
ӥ����,����,������Ա
�ڴ�˧,������,���
�ڴ�˧,�ڴ�˧,����
�ڴ�˧,������,ĸ��
�ڴ�˧,�ص����硢�����ԭ,���Χ
�ڴ�˧,��,����
�ڴ�˧,Handsomey,Ӣ����
�ڴ�˧,��ΰ�£�TVB��,������Ա
��̫��,��̫��,����
��̫��,��,����
��̫��,����,������Ա
������,����1500m�,��������
������,������,����
������,����,���Χ
������,С����,����
��ţ����,��ţ����,����
��ţ����,��,�Ա�
��ţ����,��ţ����,����
��ţ����,��ţ��,���Χ
��ţ����,��ϸ��,����
��ţ����,Blacky,Ӣ����
��ţ����,ë��Բ����ͨ���������⣨���,������Ա
����,�Ƽ���,��������
����,����,����
����,С��,����
����,��,�Ա�
����,С��,����
����,�Ƽ���,���Χ
����,��,����
����,����,������Ա
��һ,��һ,����
��һ,��,����
��һ,������,������Ա
�ڴ�˧,����,����
����,�ڴ�˧,����
��̫��,�� ��˧,����
�ϻ�,��̫��,����