七窍玲龙,龙世界,出身地区
七窍玲龙,龙世界,活动范围
七窍玲龙,龙,物种
严小小,发明星球,出身地区
严小小,严素素,姐姐
严小小,严小小,本名
严小小,发明星球,活动范围
严小小,外星人,物种
严素素,发明星球,出身地区
严素素,严小小,弟弟
严素素,严素素,本名
严素素,发明星球,活动范围
严素素,外星人,物种
丫丫,懒羊羊,朋友
丫丫,丫丫,本名
丫丫,人类世界,活动范围
丫丫,徐子道,演员
丫丫,人,物种
丽羊羊,智羊羊,丈夫
丽羊羊,喜羊羊,儿子
丽羊羊,冰冰羊,养女
丽羊羊,青青草原,出身地区
丽羊羊,小神龙,朋友
丽羊羊,慢羊羊,朋友
丽羊羊,月亮女王,朋友
丽羊羊,丽羊羊,本名
丽羊羊,青青草原、月球,活动范围
丽羊羊,羊,物种
丽羊羊,Lily,英文名
丽羊羊,梁颖、程文意、谭亮晶,配音演员
乐乐,滋味王国,出身地区
乐乐,女,性别
乐乐,滋味王国,活动范围
乐乐,饭盒,物种
乐乐,赵娜,配音演员
付羊羊,付博士（他人尊称）、老付（慢羊羊称）,别名
付羊羊,奥力,朋友
付羊羊,慢羊羊,朋友
付羊羊,付羊羊,本名
付羊羊,科技城,活动范围
付羊羊,羊,物种
付羊羊,李团,配音演员
倩羊羊,铭羊羊,丈夫
倩羊羊,羊村,出身地区
倩羊羊,影子、神秘人手下、倩博士、倩倩,别名
倩羊羊,美羊羊,女儿
倩羊羊,倩羊羊,本名
倩羊羊,科技城,活动范围
倩羊羊,羊,物种
倩羊羊,祖晴,配音演员
健健,滋味王国,出身地区
健健,男,性别
健健,滋味王国,活动范围
健健,叉子,物种
健健,祖晴,配音演员
傻瓜,傻瓜,别名
傻瓜,北瓜,本名
傻瓜,月球,活动范围
傻瓜,北瓜,物种
傻瓜,Gourd,英文名
傻瓜,刘红韵（普通话）、陈旭明（粤语）,配音演员
先行者,懒羊羊,朋友
先行者,婴儿手推车,物种
兔可爱,兔可爱,本名
兔可爱,兔,物种
兔可爱,赵娜,配音演员
冬瓜,冬瓜,本名
冬瓜,月球,活动范围
冬瓜,冬瓜,物种
冬瓜,李团（普通话）、陈旭明（粤语）,配音演员
冰冰羊,丽羊羊,养母
冰冰羊,智羊羊,养父
冰冰羊,喜羊羊,哥哥
冰冰羊,3岁,年龄
冰冰羊,刀羊,朋友
冰冰羊,小灰灰,朋友
冰冰羊,慢羊羊,朋友
冰冰羊,懒羊羊,朋友
冰冰羊,暖羊羊,朋友
冰冰羊,沸羊羊,朋友
冰冰羊,灰太狼,朋友
冰冰羊,烈羊羊,朋友
冰冰羊,红太狼,朋友
冰冰羊,细菌大王,朋友
冰冰羊,羊果果,朋友
冰冰羊,美羊羊,朋友
冰冰羊,冰冰羊,本名
冰冰羊,智羊号、青青草原,活动范围
冰冰羊,羊,物种
冰冰羊,GOAT,英文名
冰冰羊,赵娜,配音演员
凝太狼,凝太狼,本名
凝太狼,狼,物种
刀羊,老刀，刀羊，刀羊爷爷（小羊称）,别名
刀羊,男,性别
刀羊,慢羊羊,朋友
刀羊,羊果果,朋友
刀羊,西域刀羊,本名
刀羊,青青草原,活动范围
刀羊,羊,物种
刀羊,张琳（普通话）、源家祥（粤语）,配音演员
剔博士,影子,部下
剔博士,寒天,部下
剔博士,黑钻,部下
剔博士,步雷,部下
剔博士,奥力,部下
剔博士,阿妮,部下
剔博士,喜羊羊,敌人
剔博士,付羊羊,理念相反
剔博士,芯太狼,同事
剔博士,孤心狼,同事
剔博士,机械羊,制造
剔博士,剔博士,本名
剔博士,科技城,活动范围
剔博士,狼首领,父亲
剔博士,李团,配音演员
包包大人,包包夫人,妻子
包包大人,包子,儿子
包包大人,喜羊羊,朋友
包包大人,慢羊羊,朋友
包包大人,懒羊羊,朋友
包包大人,暖羊羊,朋友
包包大人,沸羊羊,朋友
包包大人,美羊羊,朋友
包包大人,包包大人,本名
包包大人,青青草原羊村,活动范围
包包大人,亚洲象,物种
包包大人,Humphrey,英文名
包包大人,高全胜,配音演员
南瓜,南瓜,本名
南瓜,月球,活动范围
南瓜,南瓜,物种
南瓜,李团（普通话）、黄志明（粤语）,配音演员
双刀狼,青青草原,出身地区
双刀狼,灰太狼,外甥
双刀狼,双叉狼,弟弟
双刀狼,双刀狼,本名
双刀狼,青青草原,活动范围
双刀狼,狼,物种
双刀狼,Rolly,英文名
双刀狼,高全胜、刘红韵、祖晴、梁颖,配音演员
双叉狼,青青草原,出身地区
双叉狼,灰太狼,外甥
双叉狼,双叉狼,本名
双叉狼,青青草原,活动范围
双叉狼,狼,物种
双叉狼,Raoul,英文名
双叉狼,普通话高全胜、刘红韵、祖晴、梁颖,配音演员
变色龙,龙世界,出身地区
变色龙,男,性别
变色龙,龙世界,活动范围
变色龙,龙,物种
变色龙,刘红韵（普通话）李紫昕（粤语）,配音演员
古族长,沸羊羊,后代
古族长,暖羊羊,后代
古族长,美羊羊,后代
古族长,懒羊羊,后代
古族长,远古时代,出身地区
古族长,荷花,女儿
古族长,男,性别
古族长,慢羊羊,后代
古族长,喜羊羊,后代
古族长,羊大力,族民
古族长,古族长,本名
古族长,远古时代,活动范围
古族长,羊,物种
古族长,李团（普通话）陈旭明（粤语）,配音演员
右护法,龙世界,出身地区
右护法,龙世界,活动范围
右护法,龙,物种
咚咚锵,奶牛地_,出身地区
咚咚锵,嘭恰恰,哥哥
咚咚锵,男,性别
咚咚锵,咚咚锵,本名
咚咚锵,白牛国,活动范围
咚咚锵,黑白混血细菌,物种
咚咚锵,第ihab周期,生日
咚咚锵,Dong,英文名
咚咚锵,陈泽宇（普通话）陈安莹（粤语）,配音演员
喜喜,青青草原羊村,出身地区
喜喜,喜羊羊,朋友
喜喜,喜喜,本名
喜喜,青青草原羊村,活动范围
喜喜,宠物,物种
喜喜,Xixi,英文名
喜羊羊,喜羊羊哥哥、哥哥、喜羊羊大王、喜咩、喜猫猫、零八零三、喜羊羊长官,别名
喜羊羊,冰冰羊（无血缘）,妹妹
喜羊羊,双子座,星座
喜羊羊,严小小,朋友
喜羊羊,刀羊,朋友
喜羊羊,包包大人,朋友
喜羊羊,变色龙,朋友
喜羊羊,咚咚锵,朋友
喜羊羊,喜喜,朋友
喜羊羊,大块头,朋友
喜羊羊,天神,朋友
喜羊羊,威哥,朋友
喜羊羊,小乐,朋友
喜羊羊,小希,朋友
喜羊羊,小流星,朋友
喜羊羊,小灰灰,朋友
喜羊羊,小甜甜(苦瓜大王),朋友
喜羊羊,小神龙,朋友
喜羊羊,小蚂哥,朋友
喜羊羊,小蛇旺财,朋友
喜羊羊,小雨,朋友
喜羊羊,小香香,朋友
喜羊羊,小黑龙,朋友
喜羊羊,康康,朋友
喜羊羊,慢羊羊,朋友
喜羊羊,懒羊羊,朋友
喜羊羊,暖羊羊,朋友
喜羊羊,月亮女王,朋友
喜羊羊,机械鸟,朋友
喜羊羊,沸羊羊,朋友
喜羊羊,泰哥,朋友
喜羊羊,流星爷爷,朋友
喜羊羊,潇洒哥,朋友
喜羊羊,澎恰恰,朋友
喜羊羊,灰太狼,朋友
喜羊羊,烈羊羊,朋友
喜羊羊,牧牧,朋友
喜羊羊,球胜狼,朋友
喜羊羊,皓月,朋友
喜羊羊,皮皮,朋友
喜羊羊,细菌大王,朋友
喜羊羊,羊果果,朋友
喜羊羊,美羊羊,朋友
喜羊羊,芯太狼,朋友
喜羊羊,花羊羊,朋友
喜羊羊,薇薇公主,朋友
喜羊羊,虎威太岁,朋友
喜羊羊,豹姐,朋友
喜羊羊,逗逗,朋友
喜羊羊,飞马王子,朋友
喜羊羊,马莉,朋友
喜羊羊,黑大帅,朋友
喜羊羊,黑溜溜,朋友
喜羊羊,喜羊羊,本名
喜羊羊,丽羊羊,母亲
喜羊羊,青青草原、古古怪界、蜗牛体内、沙漠、月球、龙世界、天马城、远古时代、微观世界、深海、发明星球、天空云城、时空中转站、奇猫国等,活动范围
喜羊羊,智羊羊,父亲
喜羊羊,羊,物种
喜羊羊,羊历3508年5月25日,生日
喜羊羊,Goat（片名、妙米）,英文名
喜羊羊,O型,血型
喜羊羊,瘦羊羊,表哥
喜羊羊,祖晴、杨阳洋,配音演员
嘭恰恰,奶牛地_,出身地区
嘭恰恰,咚咚锵,弟弟
嘭恰恰,男,性别
嘭恰恰,嘭恰恰,本名
嘭恰恰,黄牛国,活动范围
嘭恰恰,黑白混血细菌,物种
嘭恰恰,第ihab周期,生日
嘭恰恰,Cha,英文名
嘭恰恰,邓玉婷（普通话）麦长青（粤语）,配音演员
地球姐姐,地球姐姐,本名
地球姐姐,地球嘉年华,活动范围
地球姐姐,兔,物种
地球姐姐,Globe,英文名
地球姐姐,严彦子（普通话）罗孔柔（粤语）,配音演员
壁虎军师,壁虎军师,本名
壁虎军师,恐鸟,物种
壁虎军师,Gecko,英文名
壁虎军师,郭语（普通话）王祖蓝（粤语）,配音演员
多特医生,发明星球,出身地区
多特医生,暖羊羊,朋友
多特医生,多特医生,本名
多特医生,发明星球,活动范围
多特医生,外星人,物种
夜太狼,青青草原,出身地区
夜太狼,小香香,女儿
夜太狼,香太狼,妻子
夜太狼,夜太狼,本名
夜太狼,青青草原,活动范围
夜太狼,Darker,英文名
夜太狼,灰太狼,表弟
夜太狼,祖晴,配音演员
夜太狼,红太狼,表妹
大嘴,衣服世界,出身地区
大嘴,大镜,朋友
大嘴,小彩虹,朋友
大嘴,小衣橱,朋友
大嘴,尖尖,朋友
大嘴,皮皮,朋友
大嘴,美羊羊,朋友
大嘴,转转,朋友
大嘴,大嘴,本名
大嘴,衣服世界、青青草原,活动范围
大嘴,剪刀,物种
大嘴,刘红韵,配音演员
大块头,喜羊羊,朋友
大块头,挖掘机,物种
天狼号,灰太狼,使用者
天狼号,载具,分类
天狼号,灰太狼,发明者
天狼号,天狼号,名字
天狼号,灰太狼,持有者
天神,族长，族长爷爷，宝宝,别名
天神,男,性别
天神,刀羊,朋友
天神,包包大人,朋友
天神,喜羊羊,朋友
天神,小流星,朋友
天神,小灰灰,朋友
天神,小香香,朋友
天神,快羊羊,朋友
天神,忽悠老羊,朋友
天神,慢羊羊,朋友
天神,懒羊羊,朋友
天神,暖羊羊,朋友
天神,沸羊羊,朋友
天神,泰哥,朋友
天神,流星爷爷,朋友
天神,潇洒哥,朋友
天神,灰太狼,朋友
天神,红太狼,朋友
天神,黑大帅,朋友
天神,天神,本名
天神,羊,物种
天神,god,英文名
奥力,付羊羊,朋友
奥力,奥力,本名
奥力,科技城,活动范围
奥力,机器人,物种
奥力,张琳,配音演员
妙多多,发明星球,出身地区
妙多多,妙多多（通称）、妙多多爷爷、妙爷爷,别名
妙多多,妙多多多多,本名
妙多多,发明星球,活动范围
妙多多,外星人,物种
姑奶奶,健健、康康、快快、乐乐、棒棒,上学五宝
姑奶奶,滋味王国,出身地区
姑奶奶,小灰灰,朋友
姑奶奶,懒羊羊,朋友
姑奶奶,灰太狼,朋友
姑奶奶,姑奶奶,本名
姑奶奶,滋味王国、青青草原,活动范围
姑奶奶,鼠,物种
姑奶奶,Merry,英文名
姑奶奶,严彦子,配音演员
威哥,远古时代,出身地区
威哥,男,性别
威哥,喜羊羊,朋友
威哥,威哥,本名
威哥,远古时代,活动范围
威哥,企鹅,物种
威哥,Super,英文名
威哥,刘红韵（普通话）,配音演员
孤心狼,青青草原,出身地区
孤心狼,小超,别名
孤心狼,男,性别
孤心狼,阿豪,朋友
孤心狼,孤心狼,本名
孤心狼,狼村、奇猫国、青青草原,活动范围
孤心狼,狼,物种
孤心狼,李团、赵娜（儿时）,配音演员
寒天,羊村,出身地区
寒天,机器人、寒天、铭博士、铭哥,别名
寒天,美羊羊,女儿
寒天,倩羊羊,妻子
寒天,铭羊羊,本名
寒天,科技城,活动范围
寒天,高全胜,配音演员
小乐,小乐、兔小弟,别名
小乐,月亮女王,姐姐
小乐,兔小乐,本名
小乐,月球、青青草原,活动范围
小乐,兔,物种
小乐,Wandi,英文名
小乐,严彦子（普通话）、王祖蓝（粤语）,配音演员
小刀羊,小刀,别名
小刀羊,男,性别
小刀羊,懒羊羊,朋友
小刀羊,小刀羊,本名
小刀羊,青青草原,活动范围
小刀羊,羊,物种
小刀羊,严彦子（羊羊运动会）、赵娜（普通话）、林丹凤（粤语）,配音演员
小希,气象城,出身地区
小希,喜羊羊,朋友
小希,懒羊羊,朋友
小希,小希,本名
小希,气象城、天气工厂,活动范围
小希,鸟,物种
小希,Hope,英文名
小希,刘红韵,配音演员
小星星,小星星,本名
小星星,萤火虫,物种
小星星,邓玉婷,配音演员
小木,奇猫国,出身地区
小木,小木,本名
小木,流沙镇,活动范围
小木,暹罗猫,物种
小木,刘红韵,配音演员
小灰灰,狼堡,出身地区
小灰灰,小灰灰哥哥,别名
小灰灰,男,性别
小灰灰,严小小,朋友
小灰灰,冰冰羊,朋友
小灰灰,刀羊,朋友
小灰灰,包包大人,朋友
小灰灰,咚咚锵,朋友
小灰灰,喜羊羊,朋友
小灰灰,天神,朋友
小灰灰,小乐,朋友
小灰灰,小帅哥,朋友
小灰灰,小流星,朋友
小灰灰,小甜甜(苦瓜大王),朋友
小灰灰,小神龙,朋友
小灰灰,小蚂哥,朋友
小灰灰,小蛇旺财,朋友
小灰灰,小黑龙,朋友
小灰灰,慢羊羊,朋友
小灰灰,懒羊羊,朋友
小灰灰,暖羊羊,朋友
小灰灰,月亮女王,朋友
小灰灰,泰哥,朋友
小灰灰,流星爷爷,朋友
小灰灰,潇洒哥,朋友
小灰灰,澎恰恰,朋友
小灰灰,牧牧,朋友
小灰灰,皓月,朋友
小灰灰,细菌大王,朋友
小灰灰,羊果果,朋友
小灰灰,美羊羊,朋友
小灰灰,芯太狼,朋友
小灰灰,薇薇公主,朋友
小灰灰,虎威太岁,朋友
小灰灰,逗逗,朋友
小灰灰,飞马王子,朋友
小灰灰,飞鼠龙,朋友
小灰灰,马莉,朋友
小灰灰,黑大帅,朋友
小灰灰,黑溜溜,朋友
小灰灰,小灰灰,本名
小灰灰,红太狼,母亲
小灰灰,青青草、古古怪界、蜗牛体内、月球、龙世界、天马城、远古时代、微观世界、深海、发明星球、天空云城、时空中转站、奇猫国等,活动范围
小灰灰,灰太狼,父亲
小灰灰,狼,物种
小灰灰,黑太狼,祖父
小灰灰,小香香,表妹
小灰灰,梁颖,配音演员
小神龙,龙世界,出身地区
小神龙,功夫龙,别名
小神龙,男,性别
小神龙,小神龙,本名
小神龙,龙世界,活动范围
小神龙,龙,物种
小神龙,Long,英文名
小神龙,骆妍倩（普通话）郑家蕙（粤语）,配音演员
小紫,小紫,别名
小紫,小红,朋友
小紫,小绿,朋友
小紫,小黄,朋友
小紫,细菌大王,朋友
小紫,蘑菇菌,本名
小紫,真菌,物种
小紫,梁颖,配音演员
小红,小红,别名
小红,小紫,朋友
小红,小绿,朋友
小红,小黄,朋友
小红,细菌大王,朋友
小红,古细菌,本名
小红,古细菌,物种
小红,李团,配音演员
小绿,小绿（昵称）、小面条（网名）,别名
小绿,小紫,朋友
小绿,小红,朋友
小绿,小黄,朋友
小绿,细菌大王,朋友
小绿,数码病毒,本名
小绿,计算机病毒,物种
小绿,邓玉婷,配音演员
小蚂哥,大树世界,出身地区
小蚂哥,小蚂哥,本名
小蚂哥,大树世界,活动范围
小蚂哥,蚂蚁,物种
小蚂哥,赵娜,配音演员
小雨,科技城,出身地区
小雨,小雷（黑钻）,哥哥
小雨,女,性别
小雨,喜羊羊,朋友
小雨,小雨,本名
小雨,科技城,活动范围
小雨,豹,物种
小雨,刘红韵,配音演员
小香香,青青草原,出身地区
小香香,香殿（粉丝称呼）,别名
小香香,刀羊,朋友
小香香,包包大人,朋友
小香香,喜羊羊,朋友
小香香,小刀羊,朋友
小香香,小流星,朋友
小香香,小灰灰,朋友
小香香,慢羊羊,朋友
小香香,懒羊羊,朋友
小香香,暖羊羊,朋友
小香香,沸羊羊,朋友
小香香,流星爷爷,朋友
小香香,美羊羊,朋友
小香香,小香香,本名
小香香,香太狼,母亲
小香香,青青草原,活动范围
小香香,夜太狼,父亲
小香香,狼,物种
小香香,Angelalily,英文名
小香香,灰太狼,表叔
小香香,小灰灰,表哥
小香香,红太狼,表婶
小香香,邓玉婷（《给快乐加油》）祖晴（《羊羊小心愿》）,配音演员
小馨,盘羊族,出身地区
小馨,女,性别
小馨,小馨,本名
小馨,盘羊,物种
小馨,刘红韵,配音演员
小黄,小黄,别名
小黄,小紫,朋友
小黄,小红,朋友
小黄,小绿,朋友
小黄,细菌大王,朋友
小黄,变形杆菌,本名
小黄,变形杆菌,物种
小黄,李团,配音演员
小黑龙,龙世界,出身地区
小黑龙,小黑、小蓝龙,别名
小黑龙,男,性别
小黑龙,小黑龙,本名
小黑龙,龙世界,活动范围
小黑龙,龙,物种
小黑龙,Drago,英文名
小黑龙,邓玉婷（普通话）、周娉婷（粤语）,配音演员
左护法,龙世界,出身地区
左护法,龙世界,活动范围
左护法,龙,物种
巫师狼,灰太狼,侄子
巫师狼,青青草原,出身地区
巫师狼,巫师狼,本名
巫师狼,青青草原,活动范围
巫师狼,狼,物种
巫师狼,Wizard,英文名
巫师狼,普通话邓玉婷粤语苏强文（TVB）,配音演员
康康,滋味王国,出身地区
康康,男,性别
康康,滋味王国,活动范围
康康,勺子,物种
康康,刘红韵,配音演员
彩虹号,暖羊羊,使用者
彩虹号,载具,分类
彩虹号,慢羊羊,发明者
彩虹号,彩虹号,名字
彩虹号,暖羊羊,持有者
彪哥,男,性别
彪哥,彪哥,本名
彪哥,蛇,物种
彪哥,赵然（普通话）、麦长青（粤语）,配音演员
影子,铭羊羊,丈夫
影子,羊村,出身地区
影子,影子、神秘人手下、倩博士、倩倩,别名
影子,美羊羊,女儿
影子,倩羊羊,本名
影子,科技城,活动范围
影子,羊,物种
影子,祖晴,配音演员
慢羊羊,慢羊羊村长、村长、慢爷爷、慢羊羊爷爷、老慢、慢羊羊老师、老师、老头、老羊、军师,别名
慢羊羊,男,性别
慢羊羊,严小小,朋友
慢羊羊,付羊羊,朋友
慢羊羊,冰冰羊,朋友
慢羊羊,刀羊,朋友
慢羊羊,包包大人,朋友
慢羊羊,变色龙,朋友
慢羊羊,咚咚锵,朋友
慢羊羊,喜羊羊,朋友
慢羊羊,嘭恰恰,朋友
慢羊羊,天神,朋友
慢羊羊,威哥,朋友
慢羊羊,小乐,朋友
慢羊羊,小希,朋友
慢羊羊,小流星,朋友
慢羊羊,小灰灰,朋友
慢羊羊,小甜甜,朋友
慢羊羊,小甜甜(苦瓜大王),朋友
慢羊羊,小神龙,朋友
慢羊羊,小蚂哥,朋友
慢羊羊,小蛇旺财,朋友
慢羊羊,小衣橱,朋友
慢羊羊,小香香,朋友
慢羊羊,小黑龙,朋友
慢羊羊,懒羊羊,朋友
慢羊羊,智羊羊,朋友
慢羊羊,暖羊羊,朋友
慢羊羊,月亮女王,朋友
慢羊羊,机械鸟,朋友
慢羊羊,沸羊羊,朋友
慢羊羊,泰哥,朋友
慢羊羊,流星爷爷,朋友
慢羊羊,潇洒哥,朋友
慢羊羊,灰太狼,朋友
慢羊羊,烈羊羊,朋友
慢羊羊,牧牧,朋友
慢羊羊,皓月,朋友
慢羊羊,细菌大王,朋友
慢羊羊,羊果果,朋友
慢羊羊,美羊羊,朋友
慢羊羊,芯太狼,朋友
慢羊羊,花羊羊,朋友
慢羊羊,薇薇公主,朋友
慢羊羊,虎威太岁,朋友
慢羊羊,软绵绵,朋友
慢羊羊,逗逗,朋友
慢羊羊,飞马王子,朋友
慢羊羊,马莉,朋友
慢羊羊,黑大帅,朋友
慢羊羊,黑溜溜,朋友
慢羊羊,慢羊羊,本名
慢羊羊,青青草原、古古怪界、蜗牛体内、月球、龙世界、天马城、远古时代、微观世界、深海、发明星球、天空云城、时空中转站、奇猫国等,活动范围
慢羊羊,羊,物种
慢羊羊,羊历3407年1月25日,生日
慢羊羊,高全胜、黄子敬（TVB）、韦启良（《牛气冲天》）、黄志明,配音演员
懒羊羊,青青草原,出身地区
懒羊羊,懒羊羊哥哥、大哥、懒羊羊大师、小蛋糕,别名
懒羊羊,男,性别
懒羊羊,严小小,朋友
懒羊羊,先行者,朋友
懒羊羊,冰冰羊,朋友
懒羊羊,刀羊,朋友
懒羊羊,包包大人,朋友
懒羊羊,咚咚锵,朋友
懒羊羊,喜羊羊,朋友
懒羊羊,嘭恰恰,朋友
懒羊羊,天神,朋友
懒羊羊,威哥,朋友
懒羊羊,小乐,朋友
懒羊羊,小希,朋友
懒羊羊,小流星,朋友
懒羊羊,小灰灰,朋友
懒羊羊,小甜甜(苦瓜大王),朋友
懒羊羊,小神龙,朋友
懒羊羊,小蚂哥,朋友
懒羊羊,小蛇旺财,朋友
懒羊羊,小香香,朋友
懒羊羊,小黑龙,朋友
懒羊羊,慢羊羊,朋友
懒羊羊,数码病毒,朋友
懒羊羊,暖羊羊,朋友
懒羊羊,月亮女王,朋友
懒羊羊,朦朦龙,朋友
懒羊羊,机械鸟,朋友
懒羊羊,棒棒,朋友
懒羊羊,沸羊羊,朋友
懒羊羊,泰哥,朋友
懒羊羊,流星爷爷,朋友
懒羊羊,潇洒哥,朋友
懒羊羊,灰太狼,朋友
懒羊羊,烈羊羊,朋友
懒羊羊,牧牧,朋友
懒羊羊,球胜狼,朋友
懒羊羊,皓月,朋友
懒羊羊,红太狼,朋友
懒羊羊,羊果果,朋友
懒羊羊,美羊羊,朋友
懒羊羊,芯太狼,朋友
懒羊羊,花羊羊,朋友
懒羊羊,蕉太狼,朋友
懒羊羊,薇薇公主,朋友
懒羊羊,虎威太岁,朋友
懒羊羊,蛋蛋,朋友
懒羊羊,豹姐,朋友
懒羊羊,转转,朋友
懒羊羊,逗逗,朋友
懒羊羊,飞马王子,朋友
懒羊羊,马莉,朋友
懒羊羊,黑大帅,朋友
懒羊羊,黑溜溜,朋友
懒羊羊,懒羊羊,本名
懒羊羊,青青草原、古古怪界、蜗牛体内、沙漠、月球、龙世界、天马城、远古时代、微观世界、深海、发明星球、天空云城、时空中转站、奇猫国等,活动范围
懒羊羊,羊,物种
懒羊羊,羊历3507年6月26日,生日
懒羊羊,Fatty,英文名
懒羊羊,梁颖,配音演员
拳击狼,青青草原,出身地区
拳击狼,拳击狼,本名
拳击狼,青青草原,活动范围
拳击狼,Worley,英文名
拳击狼,高全胜,配音演员
排头兵,暖羊羊,朋友
排头兵,船型车,物种
旺财,男,性别
旺财,旺财,本名
旺财,旺财的爸爸,爸爸
旺财,旺财的妈妈,爸爸
旺财,蛇,物种
旺财,刘红韵（普通话）周娉婷（粤语）,配音演员
旺财的妈妈,旺财的爸爸,丈夫
旺财的妈妈,旺财,儿子
旺财的妈妈,女,性别
旺财的妈妈,旺财的妈妈,本名
旺财的妈妈,蛇,物种
旺财的妈妈,邓玉婷（普通话）李紫昕（粤语）,配音演员
旺财的爸爸,旺财的妈妈,妻子
旺财的爸爸,旺财,儿子
旺财的爸爸,男,性别
旺财的爸爸,旺财的爸爸,本名
旺财的爸爸,蛇,物种
旺财的爸爸,陈轶（普通话）陈旭明（粤语）,配音演员
明日,奇猫国,出身地区
明日,皓月,妹妹
明日,福来,朋友
明日,明日,本名
明日,奇猫国,活动范围
明日,猫,物种
明日,祖晴,配音演员
智羊羊,喜羊羊,儿子
智羊羊,冰冰羊,养女
智羊羊,青青草原,出身地区
智羊羊,小智,别名
智羊羊,丽羊羊,妻子
智羊羊,小神龙,朋友
智羊羊,慢羊羊,朋友
智羊羊,月亮女王,朋友
智羊羊,智羊羊,本名
智羊羊,青青草原、月球、智羊号,活动范围
智羊羊,羊,物种
智羊羊,Smarc,英文名
智羊羊,张琳、刘红韵、祖丽晴、陈旭明、陆宪邦,配音演员
暖羊羊,暖羊羊姐姐、班长,别名
暖羊羊,女,性别
暖羊羊,七窍玲龙,朋友
暖羊羊,严小小,朋友
暖羊羊,冰冰羊,朋友
暖羊羊,刀羊,朋友
暖羊羊,包包大人,朋友
暖羊羊,变形杆菌,朋友
暖羊羊,咚咚锵,朋友
暖羊羊,喜羊羊,朋友
暖羊羊,天神,朋友
暖羊羊,小乐,朋友
暖羊羊,小云人,朋友
暖羊羊,小流星,朋友
暖羊羊,小灰灰,朋友
暖羊羊,小甜甜(苦瓜大王),朋友
暖羊羊,小神龙,朋友
暖羊羊,小蚂哥,朋友
暖羊羊,小蛇旺财,朋友
暖羊羊,小香香,朋友
暖羊羊,小馨,朋友
暖羊羊,小黑龙,朋友
暖羊羊,尖尖,朋友
暖羊羊,慢羊羊,朋友
暖羊羊,懒羊羊,朋友
暖羊羊,排头兵,朋友
暖羊羊,暖暖,朋友
暖羊羊,月亮女王,朋友
暖羊羊,欢欢,朋友
暖羊羊,步雷,朋友
暖羊羊,沸羊羊,朋友
暖羊羊,泰哥,朋友
暖羊羊,流星爷爷,朋友
暖羊羊,潇洒哥,朋友
暖羊羊,澎恰恰,朋友
暖羊羊,灰太狼,朋友
暖羊羊,烈羊羊,朋友
暖羊羊,牧牧,朋友
暖羊羊,球胜狼,朋友
暖羊羊,皓月,朋友
暖羊羊,羊果果,朋友
暖羊羊,美羊羊,朋友
暖羊羊,芯太狼,朋友
暖羊羊,花羊羊,朋友
暖羊羊,蕉太狼,朋友
暖羊羊,薇薇公主,朋友
暖羊羊,虎威太岁,朋友
暖羊羊,逗逗,朋友
暖羊羊,飞马王子,朋友
暖羊羊,马莉,朋友
暖羊羊,鹰傲天,朋友
暖羊羊,黑大帅,朋友
暖羊羊,黑溜溜,朋友
暖羊羊,暖羊羊,本名
暖羊羊,盘羊×绵羊混血,物种
暖羊羊,羊历3505年8月17日,生日
暖羊羊,蔡惠萍、曾婉卿、程文意,配音演员
月亮女王,小乐,弟弟
月亮女王,月亮女王,本名
月亮女王,月球,活动范围
月亮女王,兔,物种
月亮女王,Luna,英文名
月亮女王,左小群（普通话）李紫昕（粤语）,配音演员
朝阳号,沸羊羊,使用者
朝阳号,载具,分类
朝阳号,慢羊羊,发明者
朝阳号,朝阳号,名字
朝阳号,沸羊羊,持有者
朦朦龙,龙世界,出身地区
朦朦龙,__龙、蒙蒙龙,别名
朦朦龙,龙世界,活动范围
朦朦龙,龙,物种
机械喜羊羊,机械羊,分类
机械喜羊羊,机器喜,别名
机械喜羊羊,慢羊羊,发明者
机械喜羊羊,机械喜羊羊,名字
机械大黑龙,龙世界,出身地区
机械大黑龙,机械大黑龙,本名
机械大黑龙,龙世界,活动范围
机械大黑龙,龙,物种
机械大黑龙,Tyrano-Rex,英文名
机械大黑龙,高全胜（普通话）麦长青（粤语）,配音演员
机械灰太狼,机械狼,分类
机械灰太狼,机器灰,别名
机械灰太狼,灰太狼,发明者
机械灰太狼,机械灰太狼,名字
机械羊,未来世界,出身地区
机械羊,机械羊,本名
机械羊,青青草原,活动范围
机械羊,机械生物,物种
机械羊,Goat,英文名
机械羊,严彦子（原）刘红韵（原）赵娜,配音演员
机械羊队长第一代,未来世界,出身地区
机械羊队长第一代,机械羊队长第一代,本名
机械羊队长第一代,青青草原,活动范围
机械羊队长第一代,机械生物,物种
机械羊队长第一代,严彦子（原）赵娜,配音演员
杰帅,沸羊羊,朋友
杰帅,杰帅,本名
杰帅,狮子,物种
杰帅,李团,配音演员
棒棒,滋味王国,出身地区
棒棒,男,性别
棒棒,滋味王国,活动范围
棒棒,筷子,物种
棒棒,严彦子,配音演员
欢欢,滋味王国,出身地区
欢欢,女,性别
欢欢,滋味王国,活动范围
欢欢,水壶,物种
欢欢,邓玉婷,配音演员
步雷,科技城,出身地区
步雷,女,性别
步雷,暖羊羊,朋友
步雷,步雷,本名
步雷,科技城,活动范围
步雷,机器人,物种
步雷,刘红韵,配音演员
武大狼,武大狼,本名
武大狼,羊,物种
武大狼,高全胜,配音演员
沸羊羊,沸羊羊哥哥、壮羊羊、沸羊羊大人,别名
沸羊羊,男,性别
沸羊羊,白羊座,星座
沸羊羊,严小小,朋友
沸羊羊,健健,朋友
沸羊羊,刀羊,朋友
沸羊羊,包包大人,朋友
沸羊羊,古细菌,朋友
沸羊羊,咚咚锵,朋友
沸羊羊,喜羊羊,朋友
沸羊羊,嘭恰恰,朋友
沸羊羊,天神,朋友
沸羊羊,奥力,朋友
沸羊羊,威哥,朋友
沸羊羊,小乐,朋友
沸羊羊,小彩虹,朋友
沸羊羊,小流星,朋友
沸羊羊,小灰灰,朋友
沸羊羊,小甜甜(苦瓜大王),朋友
沸羊羊,小神龙,朋友
沸羊羊,小蚂哥,朋友
沸羊羊,小蛇旺财,朋友
沸羊羊,小香香,朋友
沸羊羊,小黑龙,朋友
沸羊羊,慢羊羊,朋友
沸羊羊,懒羊羊,朋友
沸羊羊,打打,朋友
沸羊羊,暖羊羊,朋友
沸羊羊,月亮女王,朋友
沸羊羊,机械鸟,朋友
沸羊羊,杰帅,朋友
沸羊羊,泰哥,朋友
沸羊羊,流星爷爷,朋友
沸羊羊,潇洒哥,朋友
沸羊羊,灰太狼,朋友
沸羊羊,烈羊羊,朋友
沸羊羊,牧牧,朋友
沸羊羊,球将军,朋友
沸羊羊,球胜狼,朋友
沸羊羊,皓月,朋友
沸羊羊,红将军,朋友
沸羊羊,羊果果,朋友
沸羊羊,美羊羊,朋友
沸羊羊,芯太狼,朋友
沸羊羊,花羊羊,朋友
沸羊羊,薇薇公主,朋友
沸羊羊,虎威太岁,朋友
沸羊羊,豹姐,朋友
沸羊羊,逗逗,朋友
沸羊羊,钻地龙,朋友
沸羊羊,飞马王子,朋友
沸羊羊,马莉,朋友
沸羊羊,黑大帅,朋友
沸羊羊,黑溜溜,朋友
沸羊羊,沸羊羊,本名
沸羊羊,青青草原、古古怪界、蜗牛体内、沙漠、月球、龙世界、天马城、远古时代、微观世界、深海、发明星球、天空云城、时空中转站、奇猫国等,活动范围
沸羊羊,羊,物种
沸羊羊,羊历03月18日,生日
沸羊羊,粤语伍秀霞,配音演员
沸羊羊的妈妈,沸羊羊,儿子
沸羊羊的妈妈,羊,物种
淘淘,海底,出身地区
淘淘,小狼人、鱼淘淘,别名
淘淘,逗逗,弟弟
淘淘,淘淘,本名
淘淘,海底、时空中转站、青青草原、冰极,活动范围
淘淘,鱼,物种
淘淘,TaoTao,英文名
淘淘,邓玉婷,配音演员
潇洒哥,哥哥（黑大帅称），我的孩子（鸡妈妈称）,别名
潇洒哥,男,性别
潇洒哥,喜羊羊,朋友
潇洒哥,慢羊羊,朋友
潇洒哥,懒羊羊,朋友
潇洒哥,暖羊羊,朋友
潇洒哥,沸羊羊,朋友
潇洒哥,灰太狼,朋友
潇洒哥,美羊羊,朋友
潇洒哥,潇洒哥,本名
潇洒哥,蛋,物种
潇洒哥,梁颖,配音演员
灰二太太狼,青青草原,出身地区
灰二太太狼,灰二太太狼,本名
灰二太太狼,青青草原,活动范围
灰二太太狼,Wonky,英文名
灰二太太狼,高全胜,配音演员
灰太狼,小灰灰表哥,儿子
灰太狼,灰太狼大王、灰太狼先生、灰灰、本大王、狗狗、灰太狗、老公、二叔,别名
灰太狼,红太狼,妻子
灰太狼,32岁,年龄
灰太狼,天平座,星座
灰太狼,冰冰羊,朋友
灰太狼,刀羊,朋友
灰太狼,变色龙,朋友
灰太狼,咚咚锵,朋友
灰太狼,喜羊羊,朋友
灰太狼,嘭恰恰,朋友
灰太狼,姑奶奶,朋友
灰太狼,小乐,朋友
灰太狼,小甜甜(苦瓜大王),朋友
灰太狼,小神龙,朋友
灰太狼,小蛇旺财,朋友
灰太狼,小香香,朋友
灰太狼,小黑龙,朋友
灰太狼,慢羊羊,朋友
灰太狼,懒羊羊,朋友
灰太狼,战狼传说,朋友
灰太狼,暖羊羊,朋友
灰太狼,月亮女王,朋友
灰太狼,沸羊羊,朋友
灰太狼,流星爷爷,朋友
灰太狼,烈羊羊,朋友
灰太狼,牧牧,朋友
灰太狼,球胜狼,朋友
灰太狼,细菌大王,朋友
灰太狼,羊果果,朋友
灰太狼,美羊羊,朋友
灰太狼,芯太狼,朋友
灰太狼,虎威太岁,朋友
灰太狼,逗逗,朋友
灰太狼,飞马王子,朋友
灰太狼,灰太狼,本名
灰太狼,青青草原、鬼影森林、古古怪界、蜗牛体内、沙漠、月球、龙世界、天马城、远古时代、微观世界、深海、发明星球、天空云城、时空中转站、奇猫国等,活动范围
灰太狼,黑太狼,父亲
灰太狼,狼,物种
灰太狼,羊历3481年9月26日,生日
灰太狼,O型,血型
灰太狼,张琳刘红韵、赵娜、祖晴、粤语冯锦堂,配音演员
灰太龙,龙世界,出身地区
灰太龙,龙世界,活动范围
灰太龙,机械龙,物种
烈羊羊,老烈,别名
烈羊羊,烈羊羊,本名
烈羊羊,羊,物种
烈羊羊,李团,配音演员
牧牧,翠翠草原,出身地区
牧牧,男,性别
牧牧,喜羊羊,朋友
牧牧,灰太狼,朋友
牧牧,牧牧,本名
牧牧,青青草原、翠翠草原,活动范围
牧牧,牧羊犬,物种
牧牧,严彦子,配音演员
狼族守护神,狮身狼面像,别名
狼族守护神,狼族守护神,本名
狼族守护神,雕像,物种
狼族守护神,Wolface,英文名
狼族守护神,陶杰,配音演员
球胜狼,豹姐,朋友
球胜狼,球胜狼,本名
球胜狼,狼,物种
球胜狼,邓玉婷,配音演员
甲虫长老,男,性别
甲虫长老,甲虫长老,本名
甲虫长老,甲虫,物种
甲虫长老,李团,配音演员
白大大,Mr.White,英文名
白牛国王,白牛大王,别名
白牛国王,男,性别
白牛国王,白牛国王,本名
白牛国王,白牛国,活动范围
白牛国王,白细菌,物种
白牛国王,Whitty,英文名
白牛国王,阿牛,配音演员
白眼狼,青青草原,出身地区
白眼狼,白眼狼,本名
白眼狼,青青草原,活动范围
白眼狼,Wolfram,英文名
白眼狼,高全胜,配音演员
皓月,奇猫国,出身地区
皓月,皓月公主（通用）、皓月女王（黑化后）、妹妹（明日称）,别名
皓月,奇猫国王后,母亲
皓月,明日,姐姐
皓月,女,性别
皓月,喜羊羊,朋友
皓月,小灰灰,朋友
皓月,慢羊羊,朋友
皓月,懒羊羊,朋友
皓月,暖羊羊,朋友
皓月,沸羊羊,朋友
皓月,灰太狼,朋友
皓月,福来,朋友
皓月,红太狼,朋友
皓月,美羊羊,朋友
皓月,皓月,本名
皓月,奇猫国、青青草原,活动范围
皓月,奇猫国国王,父亲
皓月,猫,物种
皓月,刘红韵,配音演员
皮总,皮总,本名
皮总,人类世界,活动范围
皮总,马晓峰,演员
皮总,人,物种
皮总,高全胜、马晓峰、祖晴,配音演员
皮皮(衣橱大冒险),衣服世界,出身地区
皮皮(衣橱大冒险),喜羊羊,朋友
皮皮(衣橱大冒险),大嘴,朋友
皮皮(衣橱大冒险),大镜,朋友
皮皮(衣橱大冒险),小彩虹,朋友
皮皮(衣橱大冒险),小衣橱,朋友
皮皮(衣橱大冒险),尖尖,朋友
皮皮(衣橱大冒险),转转,朋友
皮皮(衣橱大冒险),皮皮,本名
皮皮(衣橱大冒险),衣服世界、青青草原,活动范围
皮皮(衣橱大冒险),尺子,物种
皮皮(衣橱大冒险),邓玉婷,配音演员
破晓号,慢羊羊,使用者
破晓号,载具,分类
破晓号,慢羊羊,发明者
破晓号,破晓号,名字
破晓号,慢羊羊,持有者
碎碎鲨,海洋2000m深处,出身地区
碎碎鲨,沸羊羊,朋友
碎碎鲨,碎碎鲨,本名
碎碎鲨,海洋,活动范围
碎碎鲨,鲨鱼,物种
福来,奇猫国,出身地区
福来,福来,本名
福来,猫,物种
福来,赵娜,配音演员
章大厨,海洋1500m深处,出身地区
章大厨,章大厨,本名
章大厨,海洋,活动范围
章大厨,章鱼,物种
章大厨,李团,配音演员
糖老板,发明星球,出身地区
糖老板,灰太狼,朋友
糖老板,糖老板,本名
糖老板,发明星球,活动范围
糖老板,外星人,物种
紫太狼,律太狼,哥哥
紫太狼,紫太狼,本名
紫太狼,狼,物种
紫太狼,赵娜,配音演员
红太狼,灰太狼,丈夫
红太狼,小灰灰,儿子
红太狼,香太狼,表妹
红太狼,老婆、红红、红太狼夫人、妈妈侠,别名
红太狼,女,性别
红太狼,优雅王座,朋友
红太狼,冰冰羊,朋友
红太狼,刀羊,朋友
红太狼,变色龙,朋友
红太狼,咚咚锵,朋友
红太狼,喜羊羊,朋友
红太狼,嘭恰恰,朋友
红太狼,小乐,朋友
红太狼,小甜甜(苦瓜大王),朋友
红太狼,小神龙,朋友
红太狼,小蚂哥,朋友
红太狼,小蛇旺财,朋友
红太狼,小香香,朋友
红太狼,小黑龙,朋友
红太狼,慢羊羊,朋友
红太狼,懒羊羊,朋友
红太狼,暖羊羊,朋友
红太狼,月亮女王,朋友
红太狼,沸羊羊,朋友
红太狼,流星爷爷,朋友
红太狼,烈羊羊,朋友
红太狼,牧牧,朋友
红太狼,细菌大王,朋友
红太狼,羊果果,朋友
红太狼,美羊羊,朋友
红太狼,芯太狼,朋友
红太狼,虎威太岁,朋友
红太狼,逗逗,朋友
红太狼,飞马王子,朋友
红太狼,红太狼,本名
红太狼,粉红太狼,母亲
红太狼,青青草原、鬼影森林、古古怪界、蜗牛体内、月球、龙世界、天马城、远古时代、微观世界、深海、发明星球、天空云城、时空中转站、奇猫国等,活动范围
红太狼,狼,物种
红太狼,羊历3476年11月13日,生日
红太狼,韦宝宝、崔冰、赵娜,配音演员
红将军,沸羊羊,朋友
红将军,消防车,物种
红莉,Hollie,英文名
红莉,刘红韵,配音演员
细菌大王,小紫,朋友
细菌大王,小红,朋友
细菌大王,小绿,朋友
细菌大王,小黄,朋友
细菌大王,细菌,物种
细菌大王,高全胜（大型）刘红韵（小型）,配音演员
羊大力,喜羊羊,后代
羊大力,美羊羊,后代
羊大力,懒羊羊,后代
羊大力,沸羊羊,后代
羊大力,远古时代,出身地区
羊大力,慢羊羊,后代
羊大力,男,性别
羊大力,羊大力,本名
羊大力,远古时代,活动范围
羊大力,羊,物种
羊大力,李团（普通话）,配音演员
羊果果,刀羊,朋友
羊果果,慢羊羊,朋友
羊果果,狼将军,朋友
羊果果,羊果果,本名
羊果果,青青草原,活动范围
羊果果,羊,物种
羊果果,Gogoa,英文名
羊果果,李团,配音演员
美羊羊,青青草原,出身地区
美羊羊,美羊羊姐姐、美姐姐、美羊羊大人、美猫猫,别名
美羊羊,女,性别
美羊羊,双鱼座,星座
美羊羊,七色小精灵,朋友
美羊羊,严小小,朋友
美羊羊,乐乐,朋友
美羊羊,冰冰羊,朋友
美羊羊,刀羊,朋友
美羊羊,包包大人,朋友
美羊羊,咚咚锵,朋友
美羊羊,喜羊羊,朋友
美羊羊,大嘴,朋友
美羊羊,天神,朋友
美羊羊,威哥,朋友
美羊羊,小乐,朋友
美羊羊,小流星,朋友
美羊羊,小灰灰,朋友
美羊羊,小甜甜(苦瓜大王),朋友
美羊羊,小神龙,朋友
美羊羊,小蚂哥,朋友
美羊羊,小蛇旺财,朋友
美羊羊,小香香,朋友
美羊羊,小黑龙,朋友
美羊羊,慢羊羊,朋友
美羊羊,懒羊羊,朋友
美羊羊,暖羊羊,朋友
美羊羊,月亮女王,朋友
美羊羊,沸羊羊,朋友
美羊羊,泰哥,朋友
美羊羊,流星爷爷,朋友
美羊羊,潇洒哥,朋友
美羊羊,澎恰恰,朋友
美羊羊,灰太狼,朋友
美羊羊,烈羊羊,朋友
美羊羊,牧牧,朋友
美羊羊,球胜狼,朋友
美羊羊,皓月,朋友
美羊羊,美美,朋友
美羊羊,芯太狼,朋友
美羊羊,花羊羊,朋友
美羊羊,薇薇公主,朋友
美羊羊,蘑菇菌,朋友
美羊羊,虎威太岁,朋友
美羊羊,豹妹,朋友
美羊羊,豹姐,朋友
美羊羊,赛公主,朋友
美羊羊,轰龙龙,朋友
美羊羊,逗逗,朋友
美羊羊,飞马王子,朋友
美羊羊,马莉,朋友
美羊羊,黑大帅,朋友
美羊羊,黑溜溜,朋友
美羊羊,美羊羊,本名
美羊羊,倩羊羊,母亲
美羊羊,青青草原、古古怪界、蜗牛体内、沙漠、月球、龙世界、天马城、远古时代、微观世界、深海、发明星球、天空云城、时空中转站、奇猫国等,活动范围
美羊羊,铭羊羊,父亲
美羊羊,羊,物种
美羊羊,羊历4月20日,生日
美羊羊,邓玉婷、粤语林雅婷,配音演员
美美,青青草原羊村,出身地区
美美,美羊羊,朋友
美美,美美,本名
美美,青青草原羊村,活动范围
美美,狗,物种
美美,Tibtib,英文名
胡飞,林鲁阳,配音演员
芯太狼,狼将军,别名
芯太狼,羊果果,朋友
芯太狼,芯太狼,本名
芯太狼,青青草原,活动范围
芯太狼,狼,物种
芯太狼,Wolf（狼将军）,英文名
芯太狼,羊村守护者泽飞异国大营救李团,配音演员
花羊羊,青青草原,出身地区
花羊羊,慢羊羊,朋友
花羊羊,烈羊羊,朋友
花羊羊,花羊羊,本名
花羊羊,青青草原,活动范围
花羊羊,羊,物种
花羊羊,Stacy,英文名
花羊羊,祖晴（早期）邓玉婷（《衣橱大冒险》）赵娜（《跨时空救兵》）,配音演员
苦瓜大王,小甜甜,别名
苦瓜大王,苦瓜大王,本名
苦瓜大王,月球,活动范围
苦瓜大王,苦瓜,物种
苦瓜大王,Sweetie（小甜甜）,英文名
苦瓜大王,李团（普通话）麦长青（粤语）,配音演员
荷花羊,沸羊羊,后代
荷花羊,暖羊羊,后代
荷花羊,美羊羊,后代
荷花羊,懒羊羊,后代
荷花羊,远古时代,出身地区
荷花羊,荷花,别名
荷花羊,女,性别
荷花羊,慢羊羊,后代
荷花羊,喜羊羊,后代
荷花羊,荷花羊,本名
荷花羊,远古时代,活动范围
荷花羊,古族长后代,父亲
荷花羊,羊,物种
荷花羊,Lotus,英文名
荷花羊,崔子格(《羊年喜羊羊》)、梁颖（普通话）、李紫昕（粤语）,配音演员
蓝马公主,天马城,出身地区
蓝马公主,小矮马,哥哥
蓝马公主,飞马王子,丈夫
蓝马公主,女,性别
蓝马公主,天马城,活动范围
蓝马公主,_,物种
蓝马公主,白百何（普通话）刘惠云（粤语）,配音演员
蕉太狼,肥蕉,别名
蕉太狼,男,性别
蕉太狼,蕉太狼,本名
蕉太狼,狼,物种
薇薇公主,蜂巢酒店,出身地区
薇薇公主,薇薇公主、蜜蜂公主,别名
薇薇公主,薇薇安,本名
薇薇公主,大树世界、嘻哈火车,活动范围
薇薇公主,蜜蜂,物种
薇薇公主,刘红韵,配音演员
虎威太岁,男,性别
虎威太岁,虎威太岁,本名
虎威太岁,猫,物种
虎威太岁,Japper,英文名
虎威太岁,贾译（普通话）麦长青（粤语）,配音演员
蚁大妈,女,性别
蚁大妈,蚁大妈,本名
蚁大妈,蚁,物种
蚁大妈,邓玉婷,配音演员
蛋蛋,青青草原羊村,出身地区
蛋蛋,不完整的蛋、懒懒,别名
蛋蛋,懒羊羊,朋友
蛋蛋,蛋蛋,本名
蛋蛋,青青草原羊村,活动范围
蛋蛋,荷包蛋,物种
蛋蛋,Eggy,英文名
蛋蛋,祖晴,配音演员
蛛正义,大树世界,出身地区
蛛正义,蛛正义,本名
蛛正义,大树世界,活动范围
蛛正义,蜘蛛,物种
蛛正义,李团,配音演员
蜗捕快,男,性别
蜗捕快,蜗捕快,本名
蜗捕快,蜗牛,物种
蜗捕快,高全胜,配音演员
蜜瓜,美丽蜜瓜,别名
蜜瓜,蜜瓜,本名
蜜瓜,月球,活动范围
蜜瓜,蜜瓜,物种
蜜瓜,严彦子（国语）程文意（粤语）,配音演员
蟹大叔,海洋,出身地区
蟹大叔,蟹大叔,本名
蟹大叔,海洋,活动范围
蟹大叔,寄居蟹,物种
衣橱大冒险,优酷,播放平台
衣橱大冒险,广东原创动力文化传播有限公司,出品人
衣橱大冒险,中国,出品地区
衣橱大冒险,喜羊羊与灰太狼之衣橱大冒险,原名
衣橱大冒险,（粤）动审字【2014】第037号,发行许可证号
衣橱大冒险,原创动力导演组,导演
衣橱大冒险,已完结,播放状态
衣橱大冒险,李迪思、曾玲玲、刘丽凡、欧灵、郭鹏、和冬梅、吴嘉_,编剧
衣橱大冒险,Closet,译名
衣橱大冒险,60×15（集/分钟）,集数
衣橱大冒险,金鹰卡通,首播平台
衣橱大冒险,2014年9月4日,首播时间
西瓜,西瓜,本名
西瓜,月球,活动范围
西瓜,西瓜,物种
西瓜,严彦子（普通话）林芷筠（粤语）,配音演员
豹妹,美羊羊,朋友
豹妹,豹妹,本名
豹妹,豹,物种
豹妹,赵娜,配音演员
豹姐,球胜狼,朋友
豹姐,豹姐,本名
豹姐,豹,物种
豹姐,赵娜,配音演员
赛公主,美羊羊,朋友
赛公主,气垫船,物种
转转,衣服世界,出身地区
转转,大嘴,朋友
转转,大镜,朋友
转转,小彩虹,朋友
转转,小衣橱,朋友
转转,尖尖,朋友
转转,懒羊羊,朋友
转转,皮皮,朋友
转转,转转,本名
转转,衣服世界、青青草原,活动范围
转转,洗衣板,物种
转转,祖晴,配音演员
软绵绵,男,性别
软绵绵,软绵绵,本名
软绵绵,青青草原、蜗牛体内,活动范围
软绵绵,羊,物种
软绵绵,Mandy,英文名
软绵绵,李团（普通话）邓荣??（粤语）,配音演员
轰龙龙,龙世界,出身地区
轰龙龙,龙世界,活动范围
轰龙龙,龙,物种
迷之精灵,迷之精灵,本名
迷之精灵,青青草原,活动范围
迷之精灵,精灵,物种
迷之精灵,elf,英文名
迷之精灵,梁颖,配音演员
逗逗,海底,出身地区
逗逗,淘淘,哥哥
逗逗,逗逗,本名
逗逗,海底、时空中转站、青青草原,活动范围
逗逗,鱼,物种
逗逗,待考,英文名
逗逗,刘红韵,配音演员
钻地龙,龙世界,出身地区
钻地龙,龙世界,活动范围
钻地龙,龙,物种
铭羊羊,羊村,出身地区
铭羊羊,机器人、寒天、铭博士、铭哥,别名
铭羊羊,美羊羊,女儿
铭羊羊,倩羊羊,妻子
铭羊羊,铭羊羊,本名
铭羊羊,科技城,活动范围
铭羊羊,高全胜,配音演员
锅大妈,锅小木,儿子
锅大妈,发明星球,出身地区
锅大妈,红太狼,朋友
锅大妈,锅大妈,本名
锅大妈,发明星球等,活动范围
锅大妈,外星人,物种
锅小木,发明星球,出身地区
锅小木,美羊羊,朋友
锅小木,锅小木,本名
锅小木,锅大妈,母亲
锅小木,发明星球,活动范围
锅小木,外星人,物种
阿豪,青青草原,出身地区
阿豪,小豪,别名
阿豪,小超（孤心狼）,朋友
阿豪,阿豪,本名
阿豪,青青草原、狼村,活动范围
阿豪,狼,物种
阿豪,邓玉婷（儿时）张琳（老年）,配音演员
阿豹,猎豹打手,别名
阿豹,男,性别
阿豹,阿豹,本名
阿豹,鬣狗,物种
阿豹,Leopold,英文名
阿豹,黄旭明,配音演员
雷霆号,喜羊羊,使用者
雷霆号,载具,分类
雷霆号,慢羊羊,发明者
雷霆号,雷霆号,名字
雷霆号,喜羊羊,持有者
霹雳号,美羊羊,使用者
霹雳号,载具,分类
霹雳号,慢羊羊,发明者
霹雳号,霹雳号,名字
霹雳号,美羊羊,持有者
飓风号,懒羊羊,使用者
飓风号,载具,分类
飓风号,慢羊羊,发明者
飓风号,飓风号,名字
飓风号,懒羊羊,持有者
飞马王子,天马城,出身地区
飞马王子,蓝马公主,妻子
飞马王子,男,性别
飞马王子,天马城,活动范围
飞马王子,_,物种
飞马王子,郑恺（普通话）简怀甄（粤语）,配音演员
飞鼠龙,龙世界,出身地区
飞鼠龙,龙世界,活动范围
飞鼠龙,龙,物种
马莉,海洋1000m深处,出身地区
马莉,马莉,本名
马莉,海洋,活动范围
马莉,海马,物种
马莉,邓玉婷,配音演员
鹰傲天,鹰傲天,本名
鹰傲天,鹰,物种
鹰傲天,李团,配音演员
黑大帅,潇洒哥,哥哥
黑大帅,黑大帅,本名
黑大帅,鸡妈妈,母亲
黑大帅,地底世界、青青草原,活动范围
黑大帅,蛋,物种
黑大帅,Handsomey,英文名
黑大帅,梁伟德（TVB）,配音演员
黑太狼,黑太狼,本名
黑太狼,狼,物种
黑太狼,李团,配音演员
黑溜溜,海洋1500m深处,出身地区
黑溜溜,黑溜溜,本名
黑溜溜,海洋,活动范围
黑溜溜,小海胆,物种
黑牛国王,黑牛大王,别名
黑牛国王,男,性别
黑牛国王,黑牛国王,本名
黑牛国王,黑牛国,活动范围
黑牛国王,黑细菌,物种
黑牛国王,Blacky,英文名
黑牛国王,毛方圆（普通话）周永光（粤语）,配音演员
黑钻,科技城,出身地区
黑钻,黑钻,别名
黑钻,小雨,妹妹
黑钻,男,性别
黑钻,小雷,本名
黑钻,科技城,活动范围
黑钻,豹,物种
黑钻,赵娜,配音演员
鼠一,鼠一,本名
鼠一,鼠,物种
鼠一,刘红韵,配音演员
黑大帅,兔王,朋友
蛋蛋,黑大帅,朋友
灰太狼,黑 大帅,朋友
老虎,灰太狼,朋友